script_l,name,episode
hear shut main reactor destroy sure madness,THREEPIO,IV
doom,THREEPIO,IV
escape princess time,THREEPIO,IV
,THREEPIO,IV
know well trust logic half sized thermocapsulary dehousing assister,THREEPIO,IV
hurry come wait gear,LUKE,IV
artoo artoo detoo,THREEPIO,IV
,THREEPIO,IV
head direction go send spice mine kessel smash know,THREEPIO,IV
wait minute go,THREEPIO,IV
death star plan main computer,IMPERIAL OFFICER,IV
transmission intercept,VADER,IV
intercept transmission aaah consular ship diplomatic mission,REBEL OFFICER,IV
consular ship ambassador,VADER,IV
commander tear ship apart find plan bring ambassador want alive,VADER,IV
set stun,TROOPER,IV
right inform lord vader prisoner,TROOPER,IV
hey permit restrict deactivate sure,THREEPIO,IV
don t mindless philosopher overweight glob grease come somebody see,THREEPIO,IV
secret mission plan talk m get,THREEPIO,IV
m go regret,THREEPIO,IV
go,CHIEF PILOT,IV
hold fire life form short circuit,CAPTAIN,IV
funny damage doesn t look bad,THREEPIO,IV
sure thing safe,THREEPIO,IV
tell kid slow,WOMAN,IV
hear young noise blast,FIXER,IV
wormie rampage,CAMIE,IV
shape guy biggs,LUKE,IV
didn t know,LUKE,IV
want surprise hot shot think d certainly didn t expect work,BIGGS,IV
academy didn t change soon hey happen didn t commission,LUKE,IV
course get sign aboard rand ecliptic week mate biggs darklighter service come goodbye unfortunate landlocked simpleton,BIGGS,IV
forget battle go right system come look,LUKE,IV
forget,DEAK,IV
,LUKE,IV
battle hot shot sit probably freighter tanker refueling,BIGGS,IV
lot fire early,LUKE,IV
hey easy,LUKE,IV
don t worry wormie,CAMIE,IV
tell rebellion long way doubt empire fight system believe luke planet big hunk,FIXER,IV
lord vader know bold imperial senate sit stillfor hear attack diplomatic,LEIA,IV
don t play game highness weren t mercy mission time pass directly restrict system transmission beam ship rebel spy want know happen plan send,VADER,IV
don t know talk m member imperial senate diplomatic mission alderaan,LEIA,IV
rebel alliance traitor away,VADER,IV
hold dangerous word get generate sympathy rebellion senate,COMMANDER,IV
trace rebel spy link find secret base,VADER,IV
,COMMANDER,IV
leave send distress signal inform senate aboard kill,VADER,IV
lord vader battle station plan aboard ship transmission escape pod jettisoned fighting life form aboard,SECOND OFFICER,IV
hide plan escape pod send detachment retrieve personally commander stop time,VADER,IV
yes sir,COMMANDER,IV
mess don t know suffer lot life,THREEPIO,IV
get rest fall apart joint frozen,THREEPIO,IV
desolate place,THREEPIO,IV
go,THREEPIO,IV
m go way rocky way easy,THREEPIO,IV
make think settlement,THREEPIO,IV
don t technical,THREEPIO,IV
mission talk way malfunction day nearsighte scrap pile,THREEPIO,IV
don t let catch follow beg help win t,THREEPIO,IV
adventure m go way,THREEPIO,IV
malfunction little twerp fault trick go way well,THREEPIO,IV
wait transport m save,THREEPIO,IV
help help,THREEPIO,IV
cut power shut afterburner come low deak trail close think go fry instrument bust skyhopper pretty bad uncle owen pretty upset ground rest season fantastic,LUKE,IV
ought little easy luke hot bushpilot mos eisley little skyhoppers dangerous day whammo go dark spot canyon wall,BIGGS,IV
look talk giant starship begin sound like uncle get soft city,LUKE,IV
miss kid,BIGGS,IV
thing haven t leave biggs quiet,LUKE,IV
luke didn t come goodbye shouldn t tell trust don t come want somebody know,BIGGS,IV
talk,LUKE,IV
friend academy frigate go central system go jump ship join alliance,BIGGS,IV
join rebellion kid,LUKE,IV
quiet ya get mouth big meteor crater,BIGGS,IV
m sorry m quiet listen quiet barely hear,LUKE,IV
friend friend bestine help contact,BIGGS,IV
forever try find,LUKE,IV
know long shot don t find talk luke m go wait empire draft service rebellion spread want right believe,BIGGS,IV
m stick,LUKE,IV
think go academy term chance rock,BIGGS,IV
likely cancel application lot unrest sand people leave raid outskirt anchorhead,LUKE,IV
uncle hold colony sand people blaster,BIGGS,IV
know get vaporator go place pay need season t leave,LUKE,IV
feel luke go learn important important good uncle work take empire know start nationalize commerce central system win t long uncle merely tenant slave great glory empire,BIGGS,IV
couldn t happen say empire win t bother rock,LUKE,IV
thing change,BIGGS,IV
wish go go long,LUKE,IV
m leave morning,BIGGS,IV
guess win t,LUKE,IV
maybe someday lookout,BIGGS,IV
academy season know win t draft imperial starfleet sure care good friend get,LUKE,IV
long luke,BIGGS,IV
artoo detoo,THREEPIO,IV
pod track direction,FIRST TROOPER,IV
look sir droids,SECOND TROOPER,IV
wake wake,THREEPIO,IV
doom,THREEPIO,IV
think melt,THREEPIO,IV
don t shoot don t shoot end,THREEPIO,IV
luke tell owen get translator sure speak bocce,BERU,IV
look like don t choice remind,LUKE,IV
need protocol droid,OWEN,IV
sir environment program thirty secondary function,THREEPIO,IV
need droid understand binary language moisture vaporator,OWEN,IV
vaporator sir job program binary load lifter similar vaporator,THREEPIO,IV
speak bocce,OWEN,IV
course sir like second language m fluent bocce,THREEPIO,IV
right shut,OWEN,IV
shut sir,THREEPIO,IV
luke garage want clean dinner,OWEN,IV
go toshi station pick power converter,LUKE,IV
waste time friend chore come,OWEN,IV
right come red come come red let,LUKE,IV
uncle owen,LUKE,IV
yeah,OWEN,IV
unit bad motivator look,LUKE,IV
hey try push,OWEN,IV
excuse sir unit prime condition real bargain,THREEPIO,IV
,LUKE,IV
blue,OWEN,IV
yeah away,LUKE,IV
uh m sure pleased sir class condition work come,THREEPIO,IV
okay let,LUKE,IV
don t forget stick neck capacity,THREEPIO,IV
thank maker oil bath go feel good get bad case dust contamination barely,THREEPIO,IV
isn t fair oh biggs right m gon na,LUKE,IV
help,THREEPIO,IV
alter time speed harvest teleport rock,LUKE,IV
don t think sir m droid knowledgeable thing planet anyways matter fact m sure planet m,THREEPIO,IV
bright center universe planet farthest,LUKE,IV
sir,THREEPIO,IV
uh luke,LUKE,IV
sir luke,THREEPIO,IV
luke,LUKE,IV
threepio human cyborg relation counterpart artoo detoo,THREEPIO,IV
hello,LUKE,IV
get lot carbon scoring look like boy see lot action,LUKE,IV
m amazed good condition rebellion,THREEPIO,IV
know rebellion empire,LUKE,IV
come service meaning sir,THREEPIO,IV
battle,LUKE,IV
think actually tell m interpreter good tell story make interesting anyways,THREEPIO,IV
little friend get jammed real good starcruiser,LUKE,IV
help obi wan kenobi remy hope,LEIA,IV
,LUKE,IV
ask question,THREEPIO,IV
help obi wan kenobi hope help obi wan kenobi hope,LEIA,IV
oh say sir merely malfunction old datum pay mind,THREEPIO,IV
beautiful,LUKE,IV
m afraid m sure sir,THREEPIO,IV
help obi wan kenobi,LEIA,IV
think passenger voyage person importance sir believe captain attach,THREEPIO,IV
recording,LUKE,IV
behave artoo go trouble right trust new master,THREEPIO,IV
say property obi wan kenobi resident part private message frankly sir don t know talk master captain antilles little unit bit eccentric,THREEPIO,IV
obi wan kenobi wonder mean old ben kenobi,LUKE,IV
beg pardon sir know talk,THREEPIO,IV
don t know name obi wan old ben live dune sea kind strange old hermit,LUKE,IV
wonder sound like trouble d well play thing,LUKE,IV
say restraining bolt short circuit recording system suggest remove bolt able play entire recording,THREEPIO,IV
h m oh yeah guess small run away okay,LUKE,IV
,LUKE,IV
wait minute d bre play entire message,LUKE,IV
play carry inside rusty innard,THREEPIO,IV
luke luke come dinner,AUNT BERU,IV
right right aunt beru,LUKE,IV
m sorry sir appear pick slight flutter,THREEPIO,IV
right,LUKE,IV
reconsider play message,THREEPIO,IV
don t think like,THREEPIO,IV
don t like,THREEPIO,IV
know think unit buy steal,LUKE,IV
make think,OWEN,IV
stumble recording clean say belong call obi wan kenobi,LUKE,IV
think mean ben know talk wonder relate ben,LUKE,IV
old man crazy wizard tomorrow want unit anchorhead memory flush end belong,OWEN,IV
obi wan comes look,LUKE,IV
win t don t think exist die time father,OWEN,IV
know father,LUKE,IV
tell forget concern prepare new droid tomorrow morning want south ridge work condenser,OWEN,IV
yes sir think new droid go work fine fact uh think agreement stay season new droid work want transmit application academy year,LUKE,IV
mean semester harvest,OWEN,IV
sure droid,LUKE,IV
harvest need season year harvest able hire hand academy year,OWEN,IV
understand need luke,OWEN,IV
nother year,LUKE,IV
look season,OWEN,IV
yeah say year biggs tank leave,LUKE,IV
look like m go finish clean droid,LUKE,IV
owen t stay forever friend go mean,AUNT BERU,IV
year promise,OWEN,IV
luke farmer owen father,AUNT BERU,IV
m afraid,OWEN,IV
hide,LUKE,IV
wasn t fault sir don t deactivate tell faulty malfunction keep babble mission,THREEPIO,IV
oh,LUKE,IV
unit problem astro droid get hand t understand logic time,THREEPIO,IV
stupid sight blast,LUKE,IV
pardon sir couldn t,THREEPIO,IV
dangerous sand people wait morning,LUKE,IV
luke m shut power night,OWEN,IV
right minute boy gon na,LUKE,IV
know little droid go cause lot trouble,LUKE,IV
oh excel sir,THREEPIO,IV
luke luke luke loaf,OWEN,IV
see luke morning,OWEN,IV
say thing start today leave early,AUNT BERU,IV
uh new droid,OWEN,IV
think,AUNT BERU,IV
d well unit south range repair bemidday hell pay,OWEN,IV
,LUKE,IV
old ben kenobi live direction don t unit come far miss uncle owen isn t go,LUKE,IV
sir help tell fault,THREEPIO,IV
sure need d probably deactivate day,LUKE,IV
deactivate hand hadn t remove restraining bolt,THREEPIO,IV
wait dead ahead scanner look like droid hit accelerator,LUKE,IV
hey whoa think go,LUKE,IV
master luke rightful owner obi wan kenobi jibberish don t talk mission fortunate doesn t blast million piece right,THREEPIO,IV
come get late hope uncle owen blow,LUKE,IV
don t mind saying sir think deactivate little fugitive get workshop,THREEPIO,IV
go try,LUKE,IV
wrong,LUKE,IV
oh sir say creature approach southeast,THREEPIO,IV
sand people bad come let look come,LUKE,IV
banthas don t wait second sand people right,LUKE,IV
hello come little friend don t afraid,BEN,IV
don t worry right,BEN,IV
happen,LUKE,IV
rest easy son busy day fortunate piece,BEN,IV
ben ben kenobi boy glad,LUKE,IV
jundland wastes travel lightly tell young luke bring far,BEN,IV
oh little droid think search master see devotion droid tobe stop claim property obi wan kenobi relative know talk,LUKE,IV
obi wan kenobi obi wan s haven t hear long time long time,BEN,IV
think uncle know say dead,LUKE,IV
oh dead,BEN,IV
know,LUKE,IV
course course know haven t go obi wan oh bear,BEN,IV
droid belong,LUKE,IV
don t remember own droid interesting,BEN,IV
think well indoor sand people easily startled soon great number,BEN,IV
threepio,LUKE,IV
take bad step,THREEPIO,IV
stand get sand people return,LUKE,IV
don t think master luke sense risk account m,THREEPIO,IV
kind talk,LUKE,IV
quickly son,BEN,IV
father didn t fight war navigator spice freighter,LUKE,IV
uncle tell didn t hold father ideal thought stay get involved,BEN,IV
fight clone wars,LUKE,IV
yes jedi knight father,BEN,IV
wish d know,LUKE,IV
good star pilot galaxy cunning warrior understand good pilot good friend remind,BEN,IV
father want old uncle wouldn t allow fear follow old obi wan damn fool idealistic crusade like father,BEN,IV
sir need close awhile,THREEPIO,IV
sure ahead,LUKE,IV
,LUKE,IV
father lightsaber weapon jedi knight clumsy random blaster,BEN,IV
elegant weapon morecivilize time thousand generation jedi knights guardian peace justice old republic dark time empire,BEN,IV
father die,LUKE,IV
young jedi name darth vader pupil turn evil help empire hunt destroy jedi knights betray murder father jedi extinct vader seduce dark force,BEN,IV
force,LUKE,IV
force give jedi power energy field create live thing surround penetrate bind galaxy,BEN,IV
let t figure little friend come,BEN,IV
see message,LUKE,IV
find,BEN,IV
general kenobi year ago serve father clone wars beg help struggle empire regret unable present father request person ship fall attack m afraid mission bring alderaan fail place information vital survival rebellion memory system unit father know retrieve droid safely deliver alderaan desperate hour help obi wan kenobi hope,LEIA,IV
learn way force come alderaan,BEN,IV
alderaan m go alderaan get home late m,LUKE,IV
need help luke m get old sort thing need help,BEN,IV
t involve get work like empire hate right long way,LUKE,IV
uncle talk,BEN,IV
oh god uncle go explain,LUKE,IV
learn force luke,BEN,IV
look far anchorhead transport mos eisley go,LUKE,IV
feel right course,BEN,IV
battle station fully operational vulnerable rebel alliance equipped dangerous realize,TAGGE,IV
dangerous starfleet commander battle station,MOTTI,IV
rebellion continue gain support imperial senate long,TAGGE,IV
imperial senate long concern receive word emperor dissolve council permanently remnant old republic sweep away,TARKIN,IV
impossible emperor maintain control bureaucracy,TAGGE,IV
regional governor direct control territory fear local system line fear battle station,TARKIN,IV
rebellion rebels obtain complete technical readout station possible unlikely find weakness exploit,TAGGE,IV
plan refer soon hand,VADER,IV
attack rebels station useless gesture matter technical datum obtain station ultimate power universe suggest use,MOTTI,IV
don t proud technological terror construct ability destroy planet insignificant power force,VADER,IV
don t try frighten sorcer way lord vader sad devotion ancient religion help conjure steal datum tape give clairvoyance find rebel hide fort,MOTTI,IV
find lack faith disturbing,VADER,IV
vader release,TARKIN,IV
wish,VADER,IV
bickering pointless lord vader provide location rebel fortress time station operational crush rebellion swift stroke,TARKIN,IV
look like sand people right look gaffi stick bantha track hear hit big,LUKE,IV
didn mean think track sand people ride single file hide number,BEN,IV
jawas sell artoo threepio,LUKE,IV
blast point accurate sand people imperial stormtrooper precise,BEN,IV
imperial troop want slaughter jawas,LUKE,IV
trace robot learn sell lead home,LUKE,IV
wait luke dangerous,BEN,IV
uncle owen aunt beru uncle owen,LUKE,IV
highness discuss location hide rebel base,VADER,IV
luke d kill droid hand empire,BEN,IV
want come alderaan want learn way force jedi like father,LUKE,IV
mos eisley spaceport find wretched hive scum villainy cautious,BEN,IV
long droid,TROOPER,IV
season,LUKE,IV
sale want,BEN,IV
let identification,TROOPER,IV
don t need identification,BEN,IV
don t need identification,TROOPER,IV
look,BEN,IV
droid look,TROOPER,IV
business,BEN,IV
business,TROOPER,IV
,BEN,IV
,TROOPER,IV
t abide jawas disgusting creature,THREEPIO,IV
t understand get trooper think dead,LUKE,IV
force strong influence weak minded find powerful ally,BEN,IV
think go find pilot alderaan,LUKE,IV
good freighter pilot find watch step place little rough,BEN,IV
m ready,LUKE,IV
come artoo,THREEPIO,IV
don t serve kind,BARTENDER,IV
,LUKE,IV
droid wait outside don t want,BARTENDER,IV
listen don t wait speeder don t want trouble,LUKE,IV
heartily agree sir,THREEPIO,IV
negola dewaghi wooldugger,CREATURE,IV
doesn t like,HUMAN,IV
m sorry,LUKE,IV
don t like,HUMAN,IV
don t insult watch want man death sentence system,HUMAN,IV
careful,LUKE,IV
dead,HUMAN,IV
little isn t worth effort come let buy,BEN,IV
blaster blaster,BARTENDER,IV
chewbacca mate ship suit need,BEN,IV
don t like look,THREEPIO,IV
han solo m captain millennium falcon chewie tell look passage alderaan system,HAN,IV
yes fast ship,BEN,IV
fast ship hear millennium falcon,HAN,IV
,BEN,IV
ship kessel run parsec,HAN,IV
outrun imperial starship local bulk cruiser mind m talk big corellian ship fast old man cargo,HAN,IV
passenger boy droid question ask,BEN,IV
kind local trouble,HAN,IV
let d like avoid imperial entanglement,BEN,IV
real trick isn t go cost extra thousand advance,HAN,IV
thousand buy ship,LUKE,IV
go fly kid,HAN,IV
bet m bad pilot don t sit listen,LUKE,IV
haven t pay thousand plus reach alderaan,BEN,IV
seventeen huh,HAN,IV
okay guy get ship leave soon ready docking bay ninety,HAN,IV
ninety,BEN,IV
look like somebody begin interest handiwork,HAN,IV
right check,TROOPER,IV
seventeen thousand guy desperate save neck ship ready,HAN,IV
sell speeder,BEN,IV
okay m come planet,LUKE,IV
go solo,GREEDO,IV
yes greedo matter fact go boss tell jabba get money,HAN,IV
late pay chance jabba price head large bounty hunter galaxy look m lucky find,GREEDO,IV
yeah time get money,HAN,IV
forget find,GREEDO,IV
don t tell jabba,HAN,IV
jabba time smuggler drop shipment sign imperial cruiser,GREEDO,IV
board think choice,HAN,IV
tell jabba ship,GREEDO,IV
dead body,HAN,IV
idea look forward kill long time,GREEDO,IV
yes bet,HAN,IV
sorry mess,HAN,IV
resistance mind probe considerable time extract information,VADER,IV
final check complete system operational course shall set,IMPERIAL OFFICER,IV
respond alternative form persuasion,TARKIN,IV
mean,VADER,IV
think time demonstrate power station set course princess leia home planet alderaan,TARKIN,IV
pleasure,TROOPER,IV
lock door artoo,THREEPIO,IV
right check street secure door,TROOPER,IV
go master luke stay don t know trouble m sure fault,THREEPIO,IV
watch language,THREEPIO,IV
say good come,LUKE,IV
,BEN,IV
ship fast boast ought,BEN,IV
come solo,JABBA,IV
wait jabba,HAN,IV
expect,JABBA,IV
m type run,HAN,IV
han boy time disappoint haven t pay fry poor greedo like,JABBA,IV
send greedo blast,HAN,IV
han good smuggler business valuable fry relay concern delay wasn t go blast,JABBA,IV
think think time don t send twerp get come,HAN,IV
han han hadn t dump shipment spice understand t exception pilot smuggle dump shipment sign imperial starship good business,JABBA,IV
know board jabba choice gota charter pay plus little extra need time,HAN,IV
blaster away han boy m good need extra percent little time disappoint price head large win t able near civilized system rest short life,JABBA,IV
jabba pay pleasure,HAN,IV
piece junk,LUKE,IV
point speed light look like get count kid add special modification,HAN,IV
little rush hurry aboard,HAN,IV
hello sir,THREEPIO,IV
way,TROOPER,IV
right man load weapon,TROOPER,IV
stop ship,TROOPER,IV
blast em,TROOPER,IV
chewie,HAN,IV
oh d forget hate space travel,THREEPIO,IV
look like imperial cruiser passenger hot think try hold angle deflector shield calculation jump light speed,HAN,IV
stay sharp come go try cut,HAN,IV
don t outrun think say thing fast,LUKE,IV
watch mouth kid go find float home safe jump hyperspace know maneuver lose,HAN,IV
fun begin,HAN,IV
long jump light speed,BEN,IV
moment coordinate navi computer,HAN,IV
kid rate gain,LUKE,IV
travel hyperspace isn t like dust crop boy precise calculation fly right star bounce close supernova d end trip real quick wouldn t,HAN,IV
flash,LUKE,IV
lose deflector shield strap m go jump light speed,HAN,IV
enter alderaan system,MOTTI,IV
governor tarkin expect find hold vader leash recognize foul stench bring board,LEIA,IV
charm don t know hard find sign order terminate life,TARKIN,IV
responsibility,LEIA,IV
princess leia execution like guest ceremony battle station operational star system dare oppose emperor,TARKIN,IV
tighten grip tarkin star system slip finger,LEIA,IV
demonstrate power station way determine choice planet destroy reluctant provide location rebel base choose test station destructive power home planet alderaan,TARKIN,IV
alderaan peaceful weapon t possibly,LEIA,IV
prefer target military target system,TARKIN,IV
grow tired ask time rebel base,TARKIN,IV
dantooine,LEIA,IV
dantooine,LEIA,IV
lord vader reasonable continue operation fire ready,TARKIN,IV
far trust dantooine remote effective demonstration don t worry deal rebel friend soon,TARKIN,IV
,LEIA,IV
commence primary ignition,VADER,IV
right wrong,LUKE,IV
feel great disturbance force million voice suddenly cry terror suddenly silence fear terrible happen,BEN,IV
d well exercise,BEN,IV
forget trouble imperial slug tell d outrun em,HAN,IV
don t thank,HAN,IV
alderaan oh hour,HAN,IV
careful artoo,THREEPIO,IV
fair scream win t help,THREEPIO,IV
let wise upset wookiee,HAN,IV
sir worry upset droid,THREEPIO,IV
cause droid don t pull people arm socket lose wookiee know,HAN,IV
point sir suggest new strategy artoo let wookiee win,THREEPIO,IV
remember jedi feel force flow,BEN,IV
mean control action,LUKE,IV
partially obey command,BEN,IV
hokey religion ancient weapon match good blaster kid,HAN,IV
don t believe force,LUKE,IV
kid fly galaxy see lot strange stuff see believe powerful force control mystical energy field control destiny,HAN,IV
lot simple trick nonsense,HAN,IV
suggest try luke,BEN,IV
time let conscious self act instinct,BEN,IV
blast shield t suppose fight,LUKE,IV
eye deceive don t trust,BEN,IV
stretch feeling,BEN,IV
,BEN,IV
luck,HAN,IV
experience thing luck,BEN,IV
look go good remote thing go good living,HAN,IV
look like come alderaan,HAN,IV
know feel remote,LUKE,IV
good take step large world,BEN,IV
yes,TARKIN,IV
scout ship reach dantooine find remain rebel base estimate desert time conduct extensive search surround system,OFFICER CASS,IV
lie lie,TARKIN,IV
tell consciously betray rebellion,VADER,IV
terminate immediately,TARKIN,IV
stand chewie cut sublight engine,HAN,IV
aw come hyperspace meteor shower kind asteroid collision chart,HAN,IV
go,LUKE,IV
position correct alderaan,HAN,IV
mean,LUKE,IV
s m try tell kid ain t totally blow away,HAN,IV
,LUKE,IV
destroy empire,BEN,IV
entire starfleet couldn t destroy planet d thousand ship fire power ve,HAN,IV
ship come,HAN,IV
maybe know happen,LUKE,IV
imperial fighter,BEN,IV
follow,LUKE,IV
short range fighter,BEN,IV
aren t basis come,HAN,IV
sure leave big hurry identify big trouble,LUKE,IV
help chewie jam transmission,HAN,IV
d let far range,BEN,IV
long,HAN,IV
fighter size couldn t deep space,BEN,IV
gotten lose convoy,LUKE,IV
ain t go long tell,HAN,IV
look head small moon,LUKE,IV
think get range,HAN,IV
moon space station,BEN,IV
big space station,HAN,IV
bad feeling,LUKE,IV
turn ship,BEN,IV
yeah think right reverse chewie lock auxiliary power,HAN,IV
move,LUKE,IV
catch tractor beam pull,HAN,IV
get ta,LUKE,IV
nothin kid m power m go shut go fight,HAN,IV
t win alternative fighting,BEN,IV
clear bay seven open magnetic field,VOICE OVER DEATH STAR INTERCOM,IV
station,OFFICER,IV
come,OFFICER,IV
close outboard shield close outboard shield,OFFICER,IV
capture freighter enter remain alderaan system marking match ship blast way mos eisley,VOICE,IV
try return steal plan princess use,VADER,IV
unlock seven release charge,VOICE,IV
board sir accord log crew abandon ship right takeoff decoy sir escape pod jettisoned,OFFICER,IV
find droid,VADER,IV
sir board jettison,OFFICER,IV
send scanning crew board want ship check,VADER,IV
sense presence haven t feel,VADER,IV
scan crew double want ship check,OFFICER,IV
boy lucky compartment,LUKE,IV
use smuggling think d smuggle ridiculous d past tractor beam,HAN,IV
leave,BEN,IV
damn fool know go,HAN,IV
foolish fool fool follow,BEN,IV
ship scanner pick report immediately right let,TROOPER,IV
hey hand,HAN,IV
tx aren t post tx copy,GANTRY OFFICER,IV
get bad transmitter,GANTRY OFFICER,IV
know howling blast sight wonder station doesn t know,LUKE,IV
bring prefer straight fight sneak,HAN,IV
find computer outlet sir,THREEPIO,IV
plug able interpret entire imperial computer network,BEN,IV
say find main control power beam hold ship try precise location appear monitor,THREEPIO,IV
tractor beam couple main reactor seven location power loss terminal allow ship leave,THREEPIO,IV
don t think boy help,BEN,IV
bargain trip,HAN,IV
want,LUKE,IV
patient luke stay watch droid,BEN,IV
,LUKE,IV
deliver safely star system suffer fate alderaan destiny lie different path force,BEN,IV
boy say chewie,HAN,IV
dig old fossil,HAN,IV
ben great man,LUKE,IV
yeah great get trouble,HAN,IV
didn t hear idea,LUKE,IV
well hang wait pick,HAN,IV
think,LUKE,IV
m afraid m sure sir say find keepsrepeating,THREEPIO,IV
find,LUKE,IV
princess leia,THREEPIO,IV
princess,LUKE,IV
princess,HAN,IV
,LUKE,IV
princess go,HAN,IV
level detention block aa m afraid schedule terminate,THREEPIO,IV
oh get,LUKE,IV
droid belong message get help,LUKE,IV
look don t funny idea old man want wait right,HAN,IV
didn t know look find way detention block,LUKE,IV
m go,HAN,IV
go execute look minute ago say didn t want wait capture want stay,LUKE,IV
march detention area mind,HAN,IV
go kill,LUKE,IV
well,HAN,IV
rich,LUKE,IV
rich,HAN,IV
yes rich powerful listen rescue reward,LUKE,IV
wealth imagine,LUKE,IV
don t know imagine bit,HAN,IV
,LUKE,IV
well,HAN,IV
,LUKE,IV
right kid d well right,HAN,IV
right,LUKE,IV
plan,HAN,IV
uh threepio hand binder,LUKE,IV
okay m go,LUKE,IV
okay han,LUKE,IV
don t worry chewie think know mind,HAN,IV
master luke sir pardon ask ah artoo discover,THREEPIO,IV
lock door,LUKE,IV
hope don t blaster,HAN,IV
isn t reassuring,THREEPIO,IV
t thing helmet,LUKE,IV
go work,HAN,IV
didn t,LUKE,IV
,HAN,IV
take thing,OFFICER,IV
prisoner transfer block,LUKE,IV
wasn t notify clear,OFFICER,IV
look loose,HAN,IV
go pull apart,LUKE,IV
,HAN,IV
get find cell princess cell seven hold,HAN,IV
control situation normal,HAN,IV
uh slight weapon malfunction uh perfectly right fine fine thank,HAN,IV
send squad,INTERCOM VOICE,IV
uh uh negative negative reactor leak minute lock large leak dangerous,HAN,IV
operating number,INTERCOM VOICE,IV
boring conversation luke go company,HAN,IV
aren t little short stormtrooper,LEIA,IV
oh uniform m luke skywalker m rescue,LUKE,IV
,LEIA,IV
m rescue get unit m ben kenobi,LUKE,IV
ben kenobi,LEIA,IV
come,LUKE,IV
,VADER,IV
obi wan kenobi make think,TARKIN,IV
tremor force time feel presence old master,VADER,IV
surely dead,TARKIN,IV
don t underestimate force,VADER,IV
jedi extinct fire go universe friend leave religion,TARKIN,IV
governor tarkin emergency alert detention block aa,INTERCOM VOICE,IV
princess section alert,TARKIN,IV
obi wan force,VADER,IV
right allow escape,TARKIN,IV
escape plan face,VADER,IV
chewie,HAN,IV
,HAN,IV
t way,HAN,IV
look like manage cut escape route,LEIA,IV
maybe d like cell highness,HAN,IV
threepio threepio,LUKE,IV
yes sir,THREEPIO,IV
cut way cell didn t copy,LUKE,IV
say system alert presence sir main entrance way information level restrict,THREEPIO,IV
open,TROOPER VOICE,IV
isn t way,LUKE,IV
t hold forever,HAN,IV
rescue come didn t plan get,LEIA,IV
brain sweetheart,HAN,IV
didn t,LUKE,IV
hell,HAN,IV
somebody save skin garbage chute wise guy,LEIA,IV
big furry oaf don t care smell don t worry,HAN,IV
wonderful girl m go kill m begin like,HAN,IV
oh garbage chute wonderful idea incredible smell discover let away,HAN,IV
wait,LUKE,IV
forget try magnetically seal,LUKE,IV
thing away go kill,LEIA,IV
absolutely worship look control lead know go long figure happen,HAN,IV
bad,LEIA,IV
bad,HAN,IV
alive,LUKE,IV
imagination,HAN,IV
move past leg look,LUKE,IV
help,LUKE,IV
luke luke luke,HAN,IV
luke,LEIA,IV
luke luke grab hold,LEIA,IV
blast gun jam,LUKE,IV
,HAN,IV
oh,LUKE,IV
luke luke,HAN,IV
grab,LEIA,IV
don t know let disappear,LUKE,IV
get bad feeling,HAN,IV
wall move,LUKE,IV
don t stand try brace,LEIA,IV
wait minute,LUKE,IV
threepio come threepio threepio,LUKE,IV
look,FIRST TROOPER,IV
madmen head prison level hurry catch,THREEPIO,IV
follow stand guard,FIRST OFFICER,IV
oh excitement overrun circuit counterpart don t mind d like maintenance,THREEPIO,IV
threepio come threepio threepio,LUKE,IV
,HAN,IV
t,LEIA,IV
threepio threepio come,LUKE,IV
aren t happen capture,THREEPIO,IV
hurry,THREEPIO,IV
thing sure go lot,HAN,IV
m try,LEIA,IV
thank goodness haven t find,THREEPIO,IV
use comlink oh forget turn,THREEPIO,IV
sir,THREEPIO,IV
threepio,LUKE,IV
problem,THREEPIO,IV
shut garbage masher detention level copy,LUKE,IV
shut garbage masher detention level,LUKE,IV
shut hurry,THREEPIO,IV
listen die artoo curse metal body wasn t fast fault poor master,THREEPIO,IV
threepio right,LUKE,IV
right great,LUKE,IV
hey hey open pressure maintenance hatch unit number,LUKE,IV
seven,HAN,IV
avoid female advice ought able,HAN,IV
let move,LUKE,IV
wait hear,LEIA,IV
come big coward,HAN,IV
chewie come,HAN,IV
listen don t know come tell okay,LEIA,IV
look worshipfulness let thing straight takeorder person,HAN,IV
wonder alive somebody big walk carpet way,LEIA,IV
reward worth,HAN,IV
secure area alert cancel,OFFICER,IV
regular report,FIRST TROOPER,IV
know go,FIRST TROOPER,IV
maybe drill,SECOND TROOPER,IV
,SECOND TROOPER,IV
oh don t worry,FIRST TROOPER,IV
,HAN,IV
threepio copy,LUKE,IV
moment uh main hangar ship,THREEPIO,IV
right stand,LUKE,IV
come thing braver think,LEIA,IV
nice come,HAN,IV
blast,FIRST TROOPER,IV
ship,HAN,IV
go come,LUKE,IV
certainly courage,LEIA,IV
good get kill come,LUKE,IV
think take wrong turn,LUKE,IV
lock,LEIA,IV
oughta hold,LUKE,IV
quick get find control extend bridge,LEIA,IV
oh think blast,LUKE,IV
come,LEIA,IV
hold,LUKE,IV
come,LEIA,IV
luck,LEIA,IV
,THREEPIO,IV
close blast door,TROOPER,IV
open blast door open blast door,TROOPER,IV
wait obi wan meet circle complete,VADER,IV
leave learner master,VADER,IV
master evil darth,BEN,IV
power weak old man,VADER,IV
t win darth strike shall powerful possibly imagine,BEN,IV
didn t leave party,HAN,IV
keep,HAN,IV
run old friend,LEIA,IV
ship right,LUKE,IV
okay hope old man get tractor beam commission,HAN,IV
look,LUKE,IV
come artoo go,THREEPIO,IV
chance,HAN,IV
come luke late,LEIA,IV
blast door kid,HAN,IV
run luke run,BEN,IV
hope old man get tractor beam commission go real short trip okay hit,HAN,IV
come sentry ship hold em angle deflector shield charge main gun,HAN,IV
t believe go,LUKE,IV
wasn t,LEIA,IV
come buddy,HAN,IV
kid okay stay sharp,HAN,IV
come fast,LUKE,IV
oooh,THREEPIO,IV
lose lateral control,LEIA,IV
don t worry hold,HAN,IV
hear baby hold,HAN,IV
got get,LUKE,IV
great kid don t cocky,HAN,IV
,LEIA,IV
,LUKE,IV
,LEIA,IV
help think m fault,THREEPIO,IV
away,TARKIN,IV
jump hyperspace,VADER,IV
sure home beacon secure aboard ship m take awful risk vader well work,TARKIN,IV
bad bit rescuing huh know amaze,HAN,IV
doesn t sound hard let explanation ease escape,LEIA,IV
easy easy,HAN,IV
track,LEIA,IV
ship sister,HAN,IV
information artoo intact,LEIA,IV
important carry,HAN,IV
technical readout battle station hope data analyze weakness find,LEIA,IV
sister look ain t revolution m princess expect pay m money,HAN,IV
needn t worry reward money love receive,LEIA,IV
friend mercenary wonder care,LEIA,IV
care,LUKE,IV
think han,LUKE,IV
m try kid,HAN,IV
good,LUKE,IV
get lot spirit don t know think think princess guy like,HAN,IV
safe fear bad,WILLARD,IV
hear alderaan afraid lose father,WILLARD,IV
don t time sorrow commander battle station surely track explanation ease escape use information unit plan attack hope,LEIA,IV
approach planet yavin rebel base moon far prepare orbit planet,DEATH STAR INTERCOM VOICE,IV
battle station heavily shielded carry firepower great half star fleet defense design direct large scale assault small man fighter able penetrate outer defense,DODONNA,IV
pardon ask sir good snub fighter go,GOLD LEADER,IV
empire doesn t consider small man fighter threat d tight defense analysis plan provide princess leia demonstrate weakness battle station,DODONNA,IV
approach easy require maneuver straight trench skim surface point target area meter wide small thermal exhaust port right main port shaft lead directly reactor system precise hit start chain reaction destroy station,DODONNA,IV
precise hit set chain reaction shaft ray shield use proton torpedo,DODONNA,IV
impossible computer,WEDGE,IV
impossible bullseye womp rat t sixteen home big meter,LUKE,IV
man ship force,DODONNA,IV
orbit planet maximum velocity moon rebel base range thirty minute,DEATH STAR INTERCOM VOICE,IV
day long remember see end kenobi soon end rebellion,VADER,IV
flight troop man station flight troop man station,MAN,IV
get reward leave,LUKE,IV
right yeah get old debt get pay stuff didn t don t think d fool stick don t come pretty good fight use,HAN,IV
come don t look know happen use good pilot like turn,LUKE,IV
good reward ain t use attack battle station ain tmy idea courage like suicide,HAN,IV
right care han guess well isn t,LUKE,IV
hey luke force,HAN,IV
lookin know m,HAN,IV
wrong,LEIA,IV
oh han don t know think d change mind,LUKE,IV
get follow path choose,LEIA,IV
wish ben,LUKE,IV
luke don t believe d go,BIGGS,IV
biggs course listen get story tell,LUKE,IV
luke skywalker check incom t,RED LEADER,IV
sir luke good bushpilot outer rim territory,BIGGS,IV
meet father boy great pilot right get half father skill well right,RED LEADER,IV
thank sir try,LUKE,IV
got aboard listen tell story come right,BIGGS,IV
tell d someday biggs,LUKE,IV
right go like old time luke couple shoot star stop,BIGGS,IV
unit bit beat want new,CHIEF,IV
life little droid lot okay artoo,LUKE,IV
okay easy go,CHIEF,IV
hang tight artoo get come,THREEPIO,IV
wouldn t want life boring,THREEPIO,IV
luke force,BEN,IV
stand alert death star approach estimated time fire range minute,MASSASSI INTERCOM VOICE,IV
wing report,RED LEADER,IV
red stand,RED TEN,IV
red seven stand,RED SEVEN,IV
red stand,BIGGS,IV
red stand,PORKINS,IV
red stand,RED NINE,IV
red stand,WEDGE,IV
red stand,RED ELEVEN,IV
red stand,LUKE,IV
lock s foil attack position,RED LEADER,IV
pass magnetic field,RED LEADER,IV
hold tight,RED LEADER,IV
switch deflector,RED LEADER,IV
double,RED LEADER,IV
look size thing,WEDGE,IV
cut chatter red,RED LEADER,IV
accelerate attack speed boy,RED LEADER,IV
red leader gold leader,GOLD LEADER,IV
copy gold leader,RED LEADER,IV
start target shaft,GOLD LEADER,IV
position m go cut axis try draw fire,RED LEADER,IV
heavy fire boss threedegree,WEDGE,IV
stay low,RED LEADER,IV
red m go,LUKE,IV
luke pull,BIGGS,IV
right,BIGGS,IV
get little cooked m okay,LUKE,IV
count thirty rebel ship lord vader small evade turbo laser,ASTRO-OFFICER,IV
destroy ship ship crew fighter,VADER,IV
luke let know go,RED LEADER,IV
m way,LUKE,IV
watch lot fire come right deflection tower,RED LEADER,IV
m,LUKE,IV
squad leader pick new group signal enemy fighter come way,CONTROL OFFICER,IV
scope negative don t,LUKE,IV
visual scanning jamming scope pick,RED LEADER,IV
biggs pick watch,RED LEADER,IV
t,BIGGS,IV
tight t shake t shake,BIGGS,IV
hang biggs m come,LUKE,IV
got,LUKE,IV
fighter break main group come,VADER,IV
pull luke pull,BIGGS,IV
watch luke,WEDGE,IV
watch fighter come,WEDGE,IV
m hit bad,LUKE,IV
artoo hang,LUKE,IV
red,RED LEADER,IV
red,RED LEADER,IV
heavy fire zone red,RED TEN,IV
t shake,LUKE,IV
m luke,WEDGE,IV
hold,WEDGE,IV
blast wedge,LUKE,IV
thank wedge,LUKE,IV
good shooting wedge,BIGGS,IV
red leader,GOLD LEADER,IV
gold leader start attack run,GOLD LEADER,IV
copy gold leader position,RED LEADER,IV
stay attack formation,VADER,IV
exhaust post,GOLD LEADER,IV
mark lock,GOLD LEADER,IV
switch power deflection screen,GOLD LEADER,IV
gun think gold,GOLD LEADER,IV
d gun surface tower,GOLD FIVE,IV
death star range minute,MASSASSI INTERCOM VOICE,IV
switch target computer,GOLD LEADER,IV
computer lock get signal,GOLD TWO,IV
gun stop,GOLD TWO,IV
stabilize rear deflector watch enemy fighter,GOLD FIVE,IV
come mark,GOLD LEADER,IV
cover,VADER,IV
t maneuver,GOLD LEADER,IV
stay target,GOLD FIVE,IV
close,GOLD LEADER,IV
stay target,GOLD FIVE,IV
loosen,GOLD LEADER,IV
gold red leader,GOLD FIVE,IV
lose tiree lose dutch,GOLD FIVE,IV
copy gold,RED LEADER,IV
come,GOLD FIVE,IV
analyze attack sir danger ship stand,OFFICER,IV
evacuate moment triumph think overestimate chance,TARKIN,IV
rebel base minute closing,VOICE,IV
red group red leader,RED LEADER,IV
rendezvous mark point,RED LEADER,IV
red fly,WEDGE,IV
red stand,BIGGS,IV
red leader base half group range run,DODONNA,IV
copy base luke red hold wait signal start run,RED LEADER,IV
,RED LEADER,IV
able,RED TEN,IV
eye open fighter,RED LEADER,IV
interference,RED TEN,IV
red,RED TEN,IV
sign wait,LUKE,IV
come point,LUKE,IV
,RED TEN,IV
m range,RED LEADER,IV
target come,RED LEADER,IV
hold second,RED LEADER,IV
close formation,VADER,IV
,RED LEADER,IV
d well let loose,RED TEN,IV
t hold,RED TEN,IV
away,RED LEADER,IV
hit,RED NINE,IV
negative,RED LEADER,IV
negative didn t impact surface,RED LEADER,IV
red leader right turn point,LUKE,IV
oh cover,LUKE,IV
stay,RED LEADER,IV
lose starboard engine,RED LEADER,IV
set attack run,RED LEADER,IV
rebel base minute closing,DEATH STAR INTERCOM VOICE,IV
biggs wedge let close go go throttle,LUKE,IV
right boss,WEDGE,IV
luke speed able pull time,BIGGS,IV
like beggar canyon home,LUKE,IV
stay far cover,BIGGS,IV
scope show tower t exhaust port sure computer hit,WEDGE,IV
watch increase speed throttle,LUKE,IV
tower,WEDGE,IV
worry fighter worry tower,LUKE,IV
artoo stabilizer break loose t lock,LUKE,IV
m hit t stay,WEDGE,IV
clear wedge,LUKE,IV
t good,LUKE,IV
sorry,WEDGE,IV
let stay leader,VADER,IV
hurry luke come fast time t hold,BIGGS,IV
artoo try increase power,LUKE,IV
hurry luke,BIGGS,IV
wait,BIGGS,IV
rebel base thirty second closing,DEATH STAR INTERCOM VOICE,IV
m leader,VADER,IV
hang artoo,THREEPIO,IV
use force luke,BEN,IV
let luke,BEN,IV
force strong,VADER,IV
luke trust,BEN,IV
computer luke switch target computer wrong,BASE VOICE,IV
m right,LUKE,IV
lose artoo,LUKE,IV
death star clear planet death star clear planet,MASSASSI INTERCOM VOICE,IV
rebel base range,DEATH STAR INTERCOM VOICE,IV
fire ready,TARKIN,IV
,VADER,IV
yahoo,HAN,IV
look,WINGMAN,IV
clear kid,HAN,IV
let blow thing home,HAN,IV
stand fire rebel base,INTERCOM VOICE,IV
stand,INTERCOM VOICE,IV
great shot kid million,HAN,IV
remember force,BEN,IV
hey hey,HAN,IV
know d come know,LUKE,IV
wasn t gon na let credit reward,HAN,IV
hey know money,LEIA,IV
oh artoo hear repair t,THREEPIO,IV
work right away,TECHNICIAN,IV
repair sir circuit gear help gladly donate,THREEPIO,IV
right,LUKE,IV
hello,OBI-WAN,IV
echo echo seven han old buddy read,LUKE,V
loud clear kid,HAN,V
finish circle don t pick life reading,LUKE,V
isn t life ice cube fill space cruiser sensor place m go,HAN,V
right shortly meteorite hit ground near want check win t long,LUKE,V
hey steady girl matter smell,LUKE,V
aaargh,LUKE,V
right don t lose temper come right hand,HAN,V
solo,RIEEKAN,V
sign life general sensor place know come,HAN,V
commander skywalker report,RIEEKAN,V
check meteorite hit near,HAN,V
meteor activity system go difficult spot approach ship,RIEEKAN,V
general get leave t stay anymore,HAN,V
m sorry hear,RIEEKAN,V
price head don t pay jabba hut m dead man,HAN,V
death mark easy thing live good fighter solo hate lose,RIEEKAN,V
thank general,HAN,V
highness guess,HAN,V
right,LEIA,V
don t mushy long princess,HAN,V
han,LEIA,V
yes highnessness,HAN,V
think decide stay,LEIA,V
bounty hunter run ord mantell change mind,HAN,V
han need,LEIA,V
,HAN,V
oh need,HAN,V
need don t know talk,LEIA,V
probably don,HAN,V
precisely suppose know,LEIA,V
come want stay way feel,HAN,V
yes great help natural leader,LEIA,V
come aahhh uh huh come,HAN,V
imagine thing,LEIA,V
follow afraid go leave give goodbye kiss,HAN,V
d soon kiss wookiee,LEIA,V
arrange use good kiss,HAN,V
don t try blame didn t ask turn thermal heater merely comment freeze princess chamber suppose freeze go dry clothe don t know,THREEPIO,V
oh switch,THREEPIO,V
apart m try pull,HAN,V
excuse sir,THREEPIO,V
right,HAN,V
word,THREEPIO,V
want,HAN,V
princess leia sir try communicator,THREEPIO,V
turn don t want talk,HAN,V
oh princess leia wonder master luke hasn t come doesn t know,THREEPIO,V
don t know,HAN,V
know,THREEPIO,V
mean know,HAN,V
uh,THREEPIO,V
deck officer deck officer,HAN,V
excuse sir,THREEPIO,V
yes sir,DECK OFFICER,V
know commander skywalker,HAN,V
haven t see possible come south entrance,DECK OFFICER,V
possible don t find get dark,HAN,V
excuse sir inquire go,THREEPIO,V
,HAN,V
impossible man come artoo lets find princess leia think master luke considerable danger,THREEPIO,V
sir commander skywalker hasn t come south entrance forget check,DECK OFFICER,V
likely speeder ready,HAN,V
have trouble adapt cold,DECK OFFICER,V
tauntauns,HAN,V
sir temperature drop rapidly,DECK OFFICER,V
right friend,HAN,V
cover sector com control set screen alpha,ASSISTANT OFFICER,V
tauntaun freeze reach marker,DECK OFFICER,V
hell,HAN,V
come artoo joint freeze,THREEPIO,V
don t thing like course master luke right stupid little short circuit right,THREEPIO,V
sir patrol contact skywalker solo,LIEUTENANT,V
mistress leia artoo say unable pick signal admit range far weak abandon hope,THREEPIO,V
highness tonight shield door close,DERLIN,V
close door,DERLIN,V
artoo say chance survival seven seventy,THREEPIO,V
actually artoo know mistake time time oh dear oh dear don t worry master luke m sure right clever know human,THREEPIO,V
luke luke,BEN,V
ben,LUKE,V
dagobah system,BEN,V
dagobah system,LUKE,V
learn yoda jedi master instruct,BEN,V
ben ben,LUKE,V
luke luke don t luke come sign,HAN,V
time,HAN,V
ben ben,LUKE,V
hang kid,HAN,V
dagobah system,LUKE,V
whew,HAN,V
dagobah,LUKE,V
smell bad kid,HAN,V
yoda,LUKE,V
warm til shelter build ooh think smell bad outside,HAN,V
echo base get life form,ZEV,V
rouge rouge captain solo copy commander skywalker copy rouge,ZEV,V
good morning nice guy drop,HAN,V
echo base rouge find repeat find,ZEV,V
master luke sir good fully functional,THREEPIO,V
artoo express relief,THREEPIO,V
feel kid don t look bad fact look strong pull ear gundark,HAN,V
thank,LUKE,V
owe junior,HAN,V
worship look like manage little long,HAN,V
general rieekan think dangerous ship leave system activate energy shield,LEIA,V
good story think t bear let gorgeous guy like sight,HAN,V
don t know delusion laser brain,LEIA,V
laugh fuzz ball didn t south passage,HAN,V
express true feeling,HAN,V
stick half scruffy look nerf herder,LEIA,V
scruffy look hit pretty close mark rile like huh kid,HAN,V
guess don t know woman,LEIA,V
headquarters personnel report command center,ANNOUNCER,V
easy,HAN,V
excuse,THREEPIO,V
princess visitor,RIEEKAN,V
pick outside base zone move east,RIEEKAN,V
metal,SENIOR CONTROLLER,V
couldn t creature attack luke,LEIA,V
speeder,HAN,V
wait weak come,SENIOR CONTROLLER,V
sir fluent million form communication signal alliance imperial code,THREEPIO,V
isn t friendly come chewie let check,HAN,V
send rouges station,RIEEKAN,V
afraid left,HAN,V
,LEIA,V
droid kind didn t hit hard self destruct,HAN,V
imperial probe droid,LEIA,V
good bet empire know,HAN,V
d well start evacuation,RIEEKAN,V
admiral,PIETT,V
yes captain,OZZEL,V
think get sir report fragment,PIETT,V
thousand probe droid search galaxy want proof lead,OZZEL,V
visual indicate life reading,PIETT,V
mean follow lead,OZZEL,V
sir hoth system suppose devoid human form,PIETT,V
find,VADER,V
yes lord,PIETT,V
rebels,VADER,V
lord uncharted settlement smuggler,OZZEL,V
system m sure skywalker set course hoth system general veers prepare man,VADER,V
group seven stay fly speeder soon transport load evacuation control clearance immediate launch,REBEL CAPTAIN,V
right sir,REBEL FIGHTER,V
okay try turn turn,HAN,V
sir awhile evacuate t seven,MEDICAL DROID,V
forget heavy equipment plenty time small module transport,LUKE,V
care sir,MEDICAL DROID,V
thank,LUKE,V
chewie care okay,LUKE,V
hi kid get reason check end wait second right,HAN,V
yeah,LUKE,V
careful,HAN,V
,LUKE,V
general fleet star destroyers come hyperspace sector,CONTROLLER,V
reroute power energy shield get hold till transport away prepare ground assault,RIEEKAN,V
general,VADER,V
lord fleet move light speed com scan detect energy field protect area sixth planet hoth system field strong deflect bombardment,VEERS,V
rebels alert presence admiral ozzel come light speed close system,VADER,V
feel surprise wise,VEERS,V
clumsy stupid general prepare troop surface attack,VADER,V
lord vader fleet move light speed prepare aaagh,OZZEL,V
fail time admiral captain piett,VADER,V
ready land troop energy shield deploy fleet get system command admiral piett,VADER,V
thank lord vader,PIETT,V
troop carrier assemble north entrance heavy transport ship leave soon load fighter escort ship energy shield open short time stay close transport,LEIA,V
fighter star destroyer,HOBBIE,V
ion cannon fire shot sure enemy ship flight path get past energy shield proceed directly rendezvous point understand,LEIA,V
right okay,PILOTS,V
good luck,LEIA,V
okay station let,DERLIN,V
primary target power generator prepare open shield,RIEEKAN,V
sir rebel ship come sector,CONTROLLER,V
good catch day,CAPTAIN,V
stand ion control fire,WOMAN CONTROLLER,V
transport away,ANNOUNCER,V
feel right sir,DACK,V
like new dack,LUKE,V
right feel empire,DACK,V
know mean,LUKE,V
echo station t,TRENCH OFFICER,V
spot imperial walker,TRENCH OFFICER,V
imperial walker north ridge,CONTROLLER,V
echo station seven way,LUKE,V
right boy tight,LUKE,V
luke approach vector m set,DACK,V
steady dack attack pattern delta,LUKE,V
right m come,LUKE,V
hobbie,LUKE,V
armor strong blaster,LUKE,V
rouge group use harpoon tow cable leg chance stop right stand dack,LUKE,V
luke get malfunction fire control cut auxiliary,DACK,V
hang hang dack ready fire tow cable,LUKE,V
dack dack,LUKE,V
yes lord vader reach main power generator shield moment start landing,VEERS,V
rouge,LUKE,V
copy rouge leader,WEDGE,V
wedge lose gunner shot cover set harpoon follow pass,LUKE,V
come rouge leader,WEDGE,V
steady rouge,LUKE,V
activate harpoon,WEDGE,V
good shot janson,WEDGE,V
pass,WEDGE,V
come,JANSON,V
,JANSON,V
cable let,JANSON,V
detach cable,WEDGE,V
cable detach,JANSON,V
whooha get,WEDGE,V
wedge good work,LUKE,V
don t think protect transport time,RIEEKAN,V
risky t hold long choice,LEIA,V
launch patrol,RIEEKAN,V
evacuate remain ground staff,LEIA,V
go go right,HAN,V
artoo good care master luke understand care oh dear oh dear,THREEPIO,V
troop debark ground assault prepare target main generator,VEERS,V
rouge right,LUKE,V
yeah m rouge leader,ZEV,V
set harpoon cover,LUKE,V
come,ZEV,V
watch cross fire boy,LUKE,V
set position steady,ZEV,V
stay tight low,LUKE,V
hobbie hit,LUKE,V
right,HAN,V
,LEIA,V
hear command center hit,HAN,V
get clearance leave,LEIA,V
don t worry leave m go ship,HAN,V
highness transport hope,THREEPIO,V
send troop sector south slope protect fighter,LEIA,V
imperial troop enter base,ANNOUNCER,V
come,HAN,V
evacuation code signal transport,LEIA,V
k zero troop disengage,HEAD CONTROLLER,V
oh wait,THREEPIO,V
begin retreat,OFFICER,V
fall,SECOND OFFICER,V
distance power generator,VEERS,V
seven decimal,PILOT,V
target maximum fire power,VEERS,V
transport solo well t princess falcon,HAN,V
go uh come,THREEPIO,V
wait wait wait stop,THREEPIO,V
typical,THREEPIO,V
come,HAN,V
hurry goldenrod go permanent resident,HAN,V
wait wait,THREEPIO,V
,HAN,V
help get push,LEIA,V
,HAN,V
captain solo captain solo sir suggest,THREEPIO,V
wait,THREEPIO,V
bucket bolt go past blockade,LEIA,V
baby get surprise leave sweetheart,HAN,V
come come switch let hope don t burnout,HAN,V
,HAN,V
someday go wrong hope m,LEIA,V
punch,HAN,V
artoo ready takeoff,LUKE,V
good luck luke rendezvous,WEDGE,V
don t worry artoo go go,LUKE,V
wrong artoo m set new course,LUKE,V
go regroup,LUKE,V
go dagobah system,LUKE,V
yes artoo,LUKE,V
right d like manual control,LUKE,V
see see,HAN,V
saw,LEIA,V
star destroyers come right,HAN,V
sir sir suggest,THREEPIO,V
shut shut check deflector shield,HAN,V
oh great outmaneuver,HAN,V
evasive action,IMPERIAL OFFICER,V
prepare jump light speed,HAN,V
sir,THREEPIO,V
get close,LEIA,V
oh yeah watch,HAN,V
watch,LEIA,V
think trouble,HAN,V
sir notice early hyperdrive motivator damage impossible light speed,THREEPIO,V
trouble,HAN,V
horizontal booster,HAN,V
alluvial damper,HAN,V
bring hydrospanner,HAN,V
don t know go,HAN,V
oww chewie,HAN,V
laser blast hit,HAN,V
han,LEIA,V
come chewie,HAN,V
asteroid,LEIA,V
oh chewie set seven,HAN,V
actually go asteroid field,LEIA,V
d crazy follow wouldn t,HAN,V
don t impress,LEIA,V
sir possibility successfully navigate asteroid field approximately thousand seven,THREEPIO,V
tell odd,HAN,V
say want mistake sweetheart,HAN,V
go pulverize stay long,LEIA,V
m go argue,HAN,V
pulverize,THREEPIO,V
m go close big one,HAN,V
close,LEIA,V
close,THREEPIO,V
oh suicide,THREEPIO,V
look pretty good,HAN,V
look pretty good,LEIA,V
yeah nicely,HAN,V
excuse ma go,THREEPIO,V
hope know,LEIA,V
yeah,HAN,V
yes dagobah,LUKE,V
m go change mind m pick city technology massive life form reading alive,LUKE,V
yes m sure perfectly safe droid,LUKE,V
know know scope dead t thing hang m go start landing cycle,LUKE,V
artoo stay look,LUKE,V
artoo,LUKE,V
artoo,LUKE,V
artoo careful,LUKE,V
artoo way,LUKE,V
artoo,LUKE,V
oh right come lucky don t taste good break,LUKE,V
say come bad idea m begin agree oh artoo like dream don t know maybe m go crazy,LUKE,V
yes admiral,VADER,V
ship sight millennium falcon lord enter asteroid field risk,PIETT,V
asteroid concern admiral want ship excuse,VADER,V
yes lord,PIETT,V
m go shut emergency power system,HAN,V
sir m afraid ask include shut,THREEPIO,V
need talk falcon find wrong hyperdrive,HAN,V
sir possible asteroid entirely stable,THREEPIO,V
entirely stable m glad tell thing chewie professor plug hyperdrive,HAN,V
oh don t understand human behavior m try job,THREEPIO,V
let,LEIA,V
sshh,HAN,V
let,LEIA,V
don t excited,HAN,V
captain hold isn t excited,LEIA,V
sorry sweetheart haven t get time,HAN,V
ready power okay let,LUKE,V
find yoda exist,LUKE,V
familiar place feel like don t know,LUKE,V
feel like,STRANGE VOICE,V
like watch,LUKE,V
away weapon mean harm,CREATURE,V
wonder,CREATURE,V
m look,LUKE,V
look find hmmm,CREATURE,V
right,LUKE,V
help yes mmmm,CREATURE,V
don t think m look great warrior,LUKE,V
ahhh great warrior war great,CREATURE,V
hey dinner,LUKE,V
big eat food kind,CREATURE,V
listen friend didn t mean land puddle ship t don t,LUKE,V
aww ship,CREATURE,V
hey break don t ohhh make mess hey,LUKE,V
help,CREATURE,V
don t want help want lamp need slimy mudhole,LUKE,V
mudhole slimy home,CREATURE,V
ah ah ah,CREATURE,V
oh artoo let,LUKE,V
,CREATURE,V
,CREATURE,V
little fella get lot work,LUKE,V
stay help find friend hmm,CREATURE,V
m look friend m look jedi master,LUKE,V
oohhh jedi master yoda seek yoda,CREATURE,V
know,LUKE,V
mmm yes yes eat come good food come,CREATURE,V
come come,CREATURE,V
stay watch camp artoo,LUKE,V
oh artoo need,THREEPIO,V
sir don t know ship learn communicate peculiar dialect believe sir say power couple negative axis polarize m afraid replace,THREEPIO,V
course replace,HAN,V
chewie,HAN,V
think d well replace negative power coupling,HAN,V
hey worship m try help,HAN,V
stop call,LEIA,V
sure leia,HAN,V
oh difficult,LEIA,V
little nice come admit think m right,HAN,V
occasionally maybe aren t act like scoundrel,LEIA,V
scoundrel scoundrel like sound,HAN,V
stop,LEIA,V
stop,HAN,V
stop hand dirty,LEIA,V
hand dirty afraid,HAN,V
afraid,LEIA,V
tremble,HAN,V
m tremble,LEIA,V
like m scoundrel aren t scoundrel life,HAN,V
happen like nice man,LEIA,V
m nice man,HAN,V
,LEIA,V
sir sir isolate reverse power flux coupling,THREEPIO,V
thank thank,HAN,V
oh perfectly welcome sir,THREEPIO,V
lord vader time appear scope consider damage sustain destroy,NEEDA,V
captain alive want ship available sweep asteroid field find,VADER,V
lord vader,PIETT,V
yes admiral,VADER,V
emperor command contact,PIETT,V
ship asteroid field send clear transmission,VADER,V
thy bidding master,VADER,V
great disturbance force,EMPEROR,V
feel,VADER,V
new enemy luke skywalker,EMPEROR,V
yes master,VADER,V
destroy,EMPEROR,V
boy obi wan long help,VADER,V
force strong son skywalker jedi,EMPEROR,V
turn powerful ally,VADER,V
yes yes great asset,EMPEROR,V
join die master,VADER,V
look m sure delicious don t understand t yoda,LUKE,V
patience jedi time eat eat eat hot good food hm good hmm,CREATURE,V
far away yoda long,LUKE,V
far yoda far patience soon rootleaf cook wish jedi hm,CREATURE,V
father guess,LUKE,V
ah father powerful jedi powerful jedi mmm,CREATURE,V
oh come know father don t know oh don t know m waste time,LUKE,V
teach boy patience,CREATURE,V
learn patience,BEN,V
hmmm anger like father,YODA,V
different teach,BEN,V
hah ready,YODA,V
yoda ready ben jedi ben tell m ready,LUKE,V
ready know ready year train jedi counsel train jedi deep commitment mind long time watch mind hmm hmph adventure heh excitement heh jedi crave thing reckless,YODA,V
remember,BEN,V
old yes old begin training,YODA,V
learn,LUKE,V
finish begin,YODA,V
win t fail m afraid,LUKE,V
oh,YODA,V
sir venture opinion,THREEPIO,V
m interested opinion threepio,HAN,V
,LEIA,V
outside cave,LEIA,V
listen listen,THREEPIO,V
m go,HAN,V
crazy,LEIA,V
get bucket m go let tear apart,HAN,V
m go,LEIA,V
think well stay guard ship oh,THREEPIO,V
ground sure feel strange doesn t feel like rock,LEIA,V
awful lot moisture,HAN,V
don t know bad feeling,LEIA,V
watch,HAN,V
yeah think mynock chewie check rest ship sure aren t attached chew power cable,HAN,V
mynock,LEIA,V
inside clean,HAN,V
ohhh away away beastly thing shoo shoo,THREEPIO,V
wait minute,HAN,V
right chewie let,HAN,V
empire don t think wise,LEIA,V
time discuss committee,HAN,V
committee,LEIA,V
t jump light speed asteroid field,LEIA,V
sit sweetheart take,HAN,V
,HAN,V
cave collapse,LEIA,V
cave,HAN,V
run yes jedi strength flow force beware dark anger fear aggression dark force easily flow quick join fight start dark path forever dominate destiny consume obi wan apprentice,YODA,V
vader dark strong,LUKE,V
quick easy seductive,YODA,V
know good bad,LUKE,V
know calm peace passive jedi use force knowledge defense attack,YODA,V
tell t,LUKE,V
teach today clear mind question mmm mmmmmm,YODA,V
right,LUKE,V
feel cold death,LUKE,V
place strong dark force domain evil,YODA,V
,LUKE,V
,YODA,V
weapon need,YODA,V
bounty hunter don t need scum,PIETT,V
rebels win t escape,PIETT,V
sir priority signal star destroyer avenger,SECOND CONTROLLER,V
substantial reward find millennium falcon free use method necessary want alive disintegrations,VADER,V
lord vader lord,PIETT,V
oh thank goodness come asteroid field,THREEPIO,V
let ready light speed,HAN,V
fair,HAN,V
transfer circuit work fault,HAN,V
light speed,LEIA,V
fault,HAN,V
sir lose main rear deflector shield direct hit quarter,THREEPIO,V
turn,HAN,V
say turn m go power shield,HAN,V
go attack,LEIA,V
sir odd survive direct assault imperial star destroyer,THREEPIO,V
shut,LEIA,V
move attack position shield,NEEDA,V
track come pass,NEEDA,V
captain needa ship long appear scope,TRACKING OFFICER,V
t disappear ship small cloaking device,NEEDA,V
trace sir,TRACKING OFFICER,V
captain lord vader demand update pursuit,COMMUNICATIONS OFFICER,V
shuttle ready shall assume responsibility lose apologize lord vader continue scan area,NEEDA,V
yes captain needa,COMMUNICATIONS OFFICER,V
use force yes,YODA,V
stone feel,YODA,V
concentrate,YODA,V
oh,LUKE,V
certain hear,YODA,V
master move stone thing totally different,LUKE,V
different different mind unlearn learn,YODA,V
right try,LUKE,V
try try,YODA,V
big,LUKE,V
size matter look judge size hm mmmm,YODA,V
ally force powerful ally life create make grow energy surround bind luminous being crude matter feel force tree rock yes land ship,YODA,V
want impossible,LUKE,V
don t don t believe,LUKE,V
fail,YODA,V
apology accept captain needa,VADER,V
lord vader ship complete scan area find millennium falcon go light speed galaxy,PIETT,V
alert command calculate possible destination know trajectory,VADER,V
yes lord find,PIETT,V
don t fail admiral,VADER,V
alert command deploy fleet,PIETT,V
captain solo time go far quiet chewbacca doesn t listen,THREEPIO,V
fleet begin break stand manual release landing claw,HAN,V
don t s go help surrender perfectly acceptable alternative extreme circumstance empire gracious,THREEPIO,V
thank,HAN,V
mind,LEIA,V
follow standard imperial procedure dump garbage light speed float away,HAN,V
rest garbage,LEIA,V
get find safe port got idea,HAN,V
,LEIA,V
anoat system,HAN,V
anoat system,LEIA,V
wait interesting lando,HAN,V
lando system,LEIA,V
lando system man lando calrissian card player gambler scoundrel d like,HAN,V
bespin pretty far think,HAN,V
mining colony,LEIA,V
yeah tibanna gas lando con somebody long way lando,HAN,V
trust,LEIA,V
love empire tell,HAN,V
chewie stand detach,HAN,V
moment,LEIA,V
concentrate feel force flow yes good calm yes force thing place future past old friend long go,YODA,V
han leia,LUKE,V
hmm control control learn control,YODA,V
see see city cloud,LUKE,V
mmm friend,YODA,V
pain,LUKE,V
future,YODA,V
future die,LUKE,V
difficult motion future,YODA,V
got,LUKE,V
decide serve well leave help destroy fight suffer,YODA,V
don t landing permit m try reach lando calrissian,HAN,V
whoa wait minute let explain,HAN,V
deviate present course,INTERCOM VOICE,V
touchy aren t,THREEPIO,V
think know person,LEIA,V
long time ago m sure forget,HAN,V
permission grant land platform seven,INTERCOM VOICE,V
worry way lando,HAN,V
worry,LEIA,V
oh meet,THREEPIO,V
don t like,LEIA,V
like,HAN,V
let land,THREEPIO,V
look don t worry go fine trust,HAN,V
friend eye open okay,HAN,V
slimy double crossing good swindler get lot gut come pull,LANDO,V
old pirate good think d catch,LANDO,V
friendly,THREEPIO,V
yes friendly,LEIA,V
,LANDO,V
ahh repair think help,HAN,V
ship,LANDO,V
ship hey remember lose fair square,HAN,V
hello welcome m lando calrissian m administrator facility,LANDO,V
leia,LEIA,V
welcome leia,LANDO,V
right right old smoothie,HAN,V
hello sir threepio human cyborg relation facility,THREEPIO,V
,THREEPIO,V
wrong falcon,LANDO,V
hyperdrive,HAN,V
people work,LANDO,V
good,HAN,V
know ship save life time fast hunk junk galaxy,LANDO,V
gas pay,HAN,V
oh d like small outpost self sufficient supply problem kind labor difficulty funny,LANDO,V
listen sound like businessman responsible leader d think huh,HAN,V
know see sure bring thing,LANDO,V
yeah m responsible day price pay successful,LANDO,V
oh nice familiar face,THREEPIO,V
e chu ta,SECOND THREEPIO,V
rude,THREEPIO,V
sound like unit wonder,THREEPIO,V
hello interesting oh,THREEPIO,V
,MAN,V
oh m terribly sorry didn t mean intrude don t,THREEPIO,V
luke complete training,YODA,V
t vision head friend get help,LUKE,V
,YODA,V
han leia die don,LUKE,V
don t know,BEN,V
yoda fate,BEN,V
help feel force,LUKE,V
control dangerous time tempt dark force,BEN,V
yes yes obi wan listen cave remember failure cave,YODA,V
learn master yoda promise return finish begin word,LUKE,V
ability emperor want friend suffer,BEN,V
,LUKE,V
luke don t want lose emperor way lose vader,BEN,V
win,LUKE,V
stop depend fully train jedi knight force ally conquer vader emperor end training choose quick easy path vader agent evil,YODA,V
patience,BEN,V
sacrifice han leia,LUKE,V
honor fight yes,YODA,V
choose face vader interfere,BEN,V
understand artoo fire converter,LUKE,V
luke don t hate lead dark,BEN,V
strong vader mind learn save,YODA,V
return promise,LUKE,V
tell reckless matter bad,YODA,V
boy hope,BEN,V
,YODA,V
ship finish thing great shape,HAN,V
soon well wrong see know threepio go long gotten lose,LEIA,V
relax talk lando find,HAN,V
don t trust lando,LEIA,V
don t trust friend soon go,HAN,V
good go aren t,LEIA,V
find junk pile,HAN,V
oh mess chewie think repair,LEIA,V
lando get people fix,HAN,V
thank,LEIA,V
m sorry interrupt,LANDO,V
,LEIA,V
look absolutely beautiful truly belong cloud,LANDO,V
join little refreshment,LANDO,V
invite course,LANDO,V
have trouble droid,LANDO,V
problem,HAN,V
small operation don t fall uh jurisdiction empire,LANDO,V
mining guild,LEIA,V
actually operation small notice advantageous everybody customer anxious avoid attract attention,LANDO,V
aren t afraid empire go find little operation shut,HAN,V
danger loom like shadow build thing develop insure security deal empire forever,LANDO,V
honor join,VADER,V
choice arrive right m sorry,LANDO,V
m sorry,HAN,V
threepio,LUKE,V
hang,LUKE,V
mmmm oh uh uh uh don t mean intrude don t don t,THREEPIO,V
stormtrooper danger tell oh shoot,THREEPIO,V
captain solo jabba hut skywalker,VADER,V
good dead,BOBA FETT,V
permanently damage,VADER,V
lord vader leia wookiee,LANDO,V
leave city,VADER,V
condition agreement give han bounty hunter,LANDO,V
think treat unfairly,VADER,V
,LANDO,V
good unfortunate leave garrison,VADER,V
deal get bad time,LANDO,V
oh yes good like oh right t wait wait oh m backwards stupid furball overgrown mophead like stupid,THREEPIO,V
feel terrible,HAN,V
,LEIA,V
ask question,HAN,V
lando,LEIA,V
lando,HAN,V
shut listen vader agree turn leia chewie,LANDO,V
,HAN,V
stay safe,LANDO,V
han,LEIA,V
vader give bounty hunter,LANDO,V
vader want dead,LEIA,V
doesn t want somebody call skywalker,LANDO,V
luke,HAN,V
lord vader set trap,LANDO,V
bait,LEIA,V
way,LANDO,V
perfect fix pretty good didn t friend,HAN,V
stop m sorry couldn t well problem,LANDO,V
yeah real hero,HAN,V
certainly way people,LEIA,V
facility crude adequate freeze skywalker journey emperor,VADER,V
lord vader ship approach x wing class,IMPERIAL SOLDIER,V
good monitor skywalker allow land,VADER,V
lord vader use facility carbon freezing kill,LANDO,V
want emperor prize damage test captain solo,VADER,V
attach leg wouldn t ridiculous position remember chewbacca responsibility don t foolish,THREEPIO,V
go buddy,HAN,V
carbon freeze,LANDO,V
doesn t survive worth lot,BOBA FETT,V
empire compensate die,VADER,V
oh stop chewbacca stop,THREEPIO,V
stop chewie stop hear stop,HAN,V
yes stop m ready die,THREEPIO,V
chewie chewie win t help hey,HAN,V
save strength time princess care hear,HAN,V
love,LEIA,V
know,HAN,V
go turn chewbacca t oh encase carbonite protect survive freezing process,THREEPIO,V
calrissian survive,VADER,V
yes alive perfect hibernation,LANDO,V
bounty hunter reset chamber skywalker,VADER,V
skywalker land lord,IMPERIAL OFFICER,V
good find way calrissian princess wookiee ship,VADER,V
say d leave city supervision,LANDO,V
alter deal pray don t alter,VADER,V
luke luke don t trap trap,LEIA,V
force young skywalker jedi,VADER,V
hold security tower quiet,LANDO,V
think,LEIA,V
get,LANDO,V
know mistake,THREEPIO,V
think han go trust,LEIA,V
choice,LANDO,V
trust trust,THREEPIO,V
oh understand don t chewie choice,LEIA,V
m try help,LANDO,V
don t need help,LEIA,V
h,LANDO,V
sound like han,THREEPIO,V
chance save han mean east platform,LANDO,V
chewie,LEIA,V
m terribly sorry wookiee,THREEPIO,V
captain solo cargo hold,BOBA FETT,V
artoo artoo,THREEPIO,V
turn wooly hurry hurry try save han bounty hunter,THREEPIO,V
piece look happen,THREEPIO,V
oh chewie,THREEPIO,V
learn young,VADER,V
find m surprise,LUKE,V
destiny lie skywalker obi wan know true,VADER,V
easy strong emperor think,VADER,V
impressive impressive,VADER,V
obi wan teach control fear release anger,VADER,V
hatred destroy,VADER,V
security code change,LANDO,V
artoo tell computer override security system,THREEPIO,V
attention lando calrissian empire take control city advise leave imperial troop arrive,LANDO,V
way,LANDO,V
don t blame m interpreter m suppose know power socket computer terminal,THREEPIO,V
talk interested hyperdrive millennium falcon fix open door stupid lump,THREEPIO,V
doubt second wonderful,THREEPIO,V
ouch oh ah hurt bend thoughtless ow,THREEPIO,V
leia,LANDO,V
think hairy beast end course look well,THREEPIO,V
beat useless resist don t let destroy obi wan,VADER,V
escape don t destroy realize importance begin discover power join complete training combine strength end destructive conflict bring order galaxy,VADER,V
join,LUKE,V
know power dark obi wan tell happen father,VADER,V
tell tell kill,LUKE,V
father,VADER,V
true impossible,LUKE,V
search feeling know true,VADER,V
,LUKE,V
luke destroy emperor foresee destiny join rule galaxy father son come way,VADER,V
ben ben,LUKE,V
ben leia,LUKE,V
hear leia,LUKE,V
luke get,LEIA,V
know luke,LEIA,V
fighter,LANDO,V
chewie,LEIA,V
vader,LANDO,V
right right right,LANDO,V
bring shuttle,VADER,V
look,LANDO,V
luke chewie slow slow lando open hatch,LEIA,V
okay easy chewie,LEIA,V
lando,LEIA,V
oh leia,LUKE,V
right chewie let,LANDO,V
,LEIA,V
star destroyer,LEIA,V
right chewie ready light speed,LANDO,V
people fix hyperdrive,LEIA,V
coordinate set,LEIA,V
tell fix trust fix fault,LANDO,V
range tractor beam moment lord,PIETT,V
man deactivate hyperdrive millennium falcon,VADER,V
good prepare boarding party set weapon stun,VADER,V
noisy brute don t light speed,THREEPIO,V
t know hyperdrive deactivate,THREEPIO,V
city central computer tell artoo detoo know well trust strange computer ouch pay attention,THREEPIO,V
luke,VADER,V
father,LUKE,V
son come,VADER,V
ben didn t tell,LUKE,V
vader,LUKE,V
luke destiny,VADER,V
alert command ready tractor beam,PIETT,V
artoo come haven t finish don t know fix hyperdrive chewbacca m stand piece have delusion grandeur,THREEPIO,V
oh,THREEPIO,V
luke ready takeoff,LANDO,V
good luck lando,LUKE,V
find jabba hut bounty hunter contact,LANDO,V
meet rendezvous point tatooine,LUKE,V
princess find han promise,LANDO,V
chewie wait signal,LUKE,V
care force,LUKE,V
ow,LUKE,V
command station st code clearance blue start approach deactivate security shield,SHUTTLE CAPTAIN,VI
security deflector shield deactivate confirmation code transmission stand clear proceed,DEATH STAR CONTROLLER,VI
start approach,SHUTTLE CAPTAIN,VI
inform commander lord vader shuttle arrive,OFFICER,VI
yes sir,OPERATOR,VI
lord vader unexpected pleasure honor presence,JERJERROD,VI
dispense pleasantry commander m schedule,VADER,VI
assure lord vader man work fast,JERJERROD,VI
find new way motivate,VADER,VI
tell station operational plan,JERJERROD,VI
emperor share optimistic appraisal situation,VADER,VI
ask impossible need man,JERJERROD,VI
tell arrive,VADER,VI
emperor come,JERJERROD,VI
correct commander displeased apparent lack progress,VADER,VI
shall double effort,JERJERROD,VI
hope commander sake emperor forgiving,VADER,VI
course m worried lando calrissian poor chewbacca return awful place,THREEPIO,VI
don t sure tell half thing hear jabba hutt d probably short circuit,THREEPIO,VI
artoo sure right place well knock suppose,THREEPIO,VI
doesn t let tell master luke,THREEPIO,VI
tee chuta hhat yudd,STRANGE VOICE,VI
goodness gracious,THREEPIO,VI
artoo detoowha bo seethreepiowha ey toota odd mischka jabba du hutt,THREEPIO,VI
don t think go let artoo d well,THREEPIO,VI
artoo wait oh dear artoo artoo don t think rush,THREEPIO,VI
oh artoo artoo wait,THREEPIO,VI
deliver master luke message oh oh oh,THREEPIO,VI
die wanna wanga,BIB,VI
oh die wanna wauaga bring message master jabba hutt,THREEPIO,VI
gift gift gift,THREEPIO,VI
nee jabba badda chaade su goodie,BIB,VI
say instruction jabba,THREEPIO,VI
m terribly sorry m afraid stubborn sort thing,THREEPIO,VI
nudd chaa,BIB,VI
artoo bad feeling,THREEPIO,VI
good morning,THREEPIO,VI
bo shuda,JABBA,VI
message artoo message,THREEPIO,VI
greeting exalted allow introduce luke skywalker jedi knight friend captain solo know powerful mighty jabba anger solo equally powerful seek audience greatness bargain solo life wisdom m sure work arrangement mutually beneficial enable avoid unpleasant confrontation token goodwill present gift droid,LUKE,VI
,THREEPIO,VI
hardworking serve,LUKE,VI
t artoo play wrong message,THREEPIO,VI
bargain,JABBA,VI
favorite decoration like captain solo,JABBA,VI
artoo look captain solo freeze carbonite,THREEPIO,VI
possibly come master luke express unhappiness work oh oh hold ohh,THREEPIO,VI
ah good new acquisition protocol droid,NINEDENINE,VI
threepio human cy,THREEPIO,VI
yes,NINEDENINE,VI
oh yes,THREEPIO,VI
language speak,NINEDENINE,VI
fluent million form communication readily,THREEPIO,VI
splendid interpreter master get angry protocol droid disintegrate,NINEDENINE,VI
disintegrate,THREEPIO,VI
guard protocol droid useful fit restraining bolt excellency main audience chamber,NINEDENINE,VI
artoo don t leave ohhh,THREEPIO,VI
feisty little soon learn respect need master sail barge think fit nicely,NINEDENINE,VI
da eitha,JABBA,VI
na chuba negatorie na na natoota,OOLA,VI
boscka,JABBA,VI
come bounty wookiee,BOUSHH,VI
oh chewbacca,THREEPIO,VI
mighty chewbacca,JABBA,VI
oh uh yes uh worshipfulness uh yes,THREEPIO,VI
oh illustrious jabba bid welcome gladly pay reward thousand,THREEPIO,VI
want thousand,BOUSHH,VI
uh oh uh mighty jabba ask pay thousand,THREEPIO,VI
hold thermal detonator,THREEPIO,VI
bounty hunter kind scum fearless inventive,JABBA,VI
jabba offer sum thirty suggest,THREEPIO,VI
zeebuss,BOUSHH,VI
agree,THREEPIO,VI
relax moment free carbonite,BOUSHH,VI
shhh hibernation sickness,BOUSHH,VI
t,HAN,VI
eyesight return time,BOUSHH,VI
,HAN,VI
jabba palace,BOUSHH,VI
love,LEIA,VI
leia,HAN,VI
get ta,LEIA,VI
know laugh,HAN,VI
hey jabba look jabba way pay get little sidetrack fault,HAN,VI
late solo good smuggler bantha fodder,JABBA,VI
look,HAN,VI
away,JABBA,VI
jabba pay triple throw away fortune don t fool,HAN,VI
bring,JABBA,VI
powerful friend gon na regret,LEIA,VI
m sure,JABBA,VI
ugh,LEIA,VI
ohhh t bear watch,THREEPIO,VI
chewie chewie,HAN,VI
ah chew chewie,HAN,VI
wait t pal goin,HAN,VI
luke luke crazy t care rescue anybody,HAN,VI
jedi knight m little everybody get delusion grandeur,HAN,VI
m right pal m right,HAN,VI
speak jabba,LUKE,VI
jabba,LUKE,VI
serve master,LUKE,VI
reward,LUKE,VI
master luke come rescue,THREEPIO,VI
master,BIB,VI
luke skywalker jedi knight,BIB,VI
tell admit,JABBA,VI
allow speak,LUKE,VI
allow speak,BIB,VI
weak minded fool old jedi mind trick,JABBA,VI
bring captain solo wookiee,LUKE,VI
mind power work boy,JABBA,VI
m take captain solo friend profit destroy choice warn underestimate power,LUKE,VI
master luke stand,THREEPIO,VI
bargain young jedi shall enjoy watch die,JABBA,VI
bascka,JABBA,VI
oh rancor,THREEPIO,VI
bring solo wookiee suffer outrage,JABBA,VI
fine huh,HAN,VI
wouldn t miss,LUKE,VI
,HAN,VI
,LUKE,VI
bad huh leia,HAN,VI
m,LEIA,VI
oh dear high exaltedness great jabba hutt decree terminate immediately,THREEPIO,VI
good hate long wait,HAN,VI
take dune sea cast pit carkoon nesting place powerful sarlacc,THREEPIO,VI
doesn t sound bad,HAN,VI
belly find new definition pain suffering slowly digest thousand year,THREEPIO,VI
second thought let pass huh,HAN,VI
bargain jabba mistake,LUKE,VI
think eye get well instead big dark blur big light blur,HAN,VI
live know,LUKE,VI
gon na die know convenient,HAN,VI
stick close chewie lando take care,LUKE,VI
oh great,HAN,VI
soon learn appreciate,JABBA,VI
oh m terribly sor artoo,THREEPIO,VI
serve drink place dangerous go execute master luke careful,THREEPIO,VI
hmm wish confidence,THREEPIO,VI
victim almighty sarlacc excellency hope die honorably wish beg mercy great jabba hutt listen plea,THREEPIO,VI
threepio tell slimy piece worm ride filth pleasure right,HAN,VI
jabba chance free die,LUKE,VI
position,JABBA,VI
,JABBA,VI
easy chewie,LUKE,VI
whoa whoa help,LANDO,VI
chewie okay,HAN,VI
m okay pal,HAN,VI
han chewie,LANDO,VI
lando,HAN,VI
boba fett boba fett,HAN,VI
lando grab,HAN,VI
lower,LANDO,VI
whoa whoa grab chewie m slip,HAN,VI
grab l lando grab,HAN,VI
grab get,HAN,VI
hold whoa,LANDO,VI
gently right easy easy hold chewie,HAN,VI
chewie chewie gun don t lando,HAN,VI
wait think blind,LANDO,VI
right trust don t,HAN,VI
right little high little high,LANDO,VI
chewie pull come okay chewie,HAN,VI
come get ta quick,LEIA,VI
eye artoo help quickly artoo oh ohhh beast,THREEPIO,VI
gun point deck,LUKE,VI
point deck,LUKE,VI
artoo go couldn t possibly jump,THREEPIO,VI
let don t forget droid,LUKE,VI
way,LANDO,VI
don t know lot blow sand,HAN,VI
,LEIA,VI
guess m get well,HAN,VI
get hand kid pretty good,HAN,VI
lot help think,LUKE,VI
m think lot carbon freeze close thing dead wasn t sleepin big wide awake,HAN,VI
fleet,LUKE,VI
don t leave crate come,HAN,VI
promise old friend,LUKE,VI
guess owe thank lando,HAN,VI
figured leave frozen like d bad luck rest life unfrozen soon later,LANDO,VI
mean welcome,LEIA,VI
come let miserable dust ball,LANDO,VI
meet fleet,LUKE,VI
hurry alliance assemble,LEIA,VI
,LUKE,VI
hey luke thank thank comin owe,HAN,VI
right artoo go dagobah system promise old friend,LUKE,VI
rise friend,EMPEROR,VI
death star complete schedule,VADER,VI
lord vader sense wish continue search young skywalker,EMPEROR,VI
patience friend time seek bring grow strong turn dark force,EMPEROR,VI
proceed foresee,EMPEROR,VI
hmm face look old young eye,YODA,VI
course,LUKE,VI
yes sick old weak year old reach look good hmm,YODA,VI
soon rest yes forever sleep earn,YODA,VI
master yoda t die,LUKE,VI
strong force strong twilight soon night fall way thing way force,YODA,VI
need help come complete training,LUKE,VI
training require know need,YODA,VI
jedi,LUKE,VI
ohhh thing remain vader confront vader jedi confront,YODA,VI
master yoda darth vader father,LUKE,VI
mmm rest need yes rest,YODA,VI
yoda know,LUKE,VI
father,YODA,VI
tell,YODA,VI
unexpected unfortunate,YODA,VI
unfortunate know truth,LUKE,VI
unfortunate rush face incomplete training ready burden,YODA,VI
m sorry,LUKE,VI
remember jedi strength flow force beware anger fear aggression dark start dark path forever dominate destiny,YODA,VI
luke luke underestimate power emperor suffer father fate luke go jedi luke force run strong family pass learn luke sky sky walker,YODA,VI
t artoo t,LUKE,VI
yoda,BEN,VI
obi wan didn t tell,LUKE,VI
tell vader betray murder father,LUKE,VI
father seduce dark force cease anakin skywalker darth vader happen good man father destroy tell true certain point view,BEN,VI
certain point view,LUKE,VI
luke go find truth cling depend greatly point view,BEN,VI
don t blame angry wrong certainly wouldn t time happen father fault,BEN,VI
anakin good friend,BEN,VI
know father great pilot amazed strongly force take train jedi think instruct yoda wrong pride terrible consequence galaxy,BEN,VI
good,LUKE,VI
think turn good couldn t machine man twisted evil,BEN,VI
t ben,LUKE,VI
escape destiny,BEN,VI
try stop couldn t,LUKE,VI
vader humble meet luke experience training teach thing value patience impatient defeat vader finish training yoda prepare,BEN,VI
help friend,LUKE,VI
help save achieve little rush prematurely fear,BEN,VI
find darth vader father,LUKE,VI
jedi luke confront dark father couldn t past impatience easy door like father father seduce find door hold firm long reckless luke strong patient face darth vader,BEN,VI
t kill father,LUKE,VI
emperor win hope,BEN,VI
yoda speak,LUKE,VI
speak twin sister,BEN,VI
sister,LUKE,VI
hmm protect emperor hide father bear emperor know anakin offspring threat reason sister remain safely anonymous,BEN,VI
leia leia sister,LUKE,VI
insight serve bury feeling deep luke credit serve emperor,BEN,VI
father leave didn t know mother pregnant mother know find eventually want safe possible long possible take live brother owen tatooine mother take leia live daughter senator organa alderaan,BEN,VI
organa household high bear politically powerful system leia princess virtue lineage know d adopt course title real power alderaan long democracy family continue politically powerful leia follow foster father path senator course leader cell alliance corrupt empire diplomatic immunity vital link get information rebel cause path cross foster parent tell contact tatooine trouble desperate,BEN,VI
t let involve ben vader destroy,LUKE,VI
hasn t train way jedi way luke force strong family avoid battle face destroy vader,BEN,VI
look general huh,HAN,VI
oh tell little maneuver battle taanab,LANDO,VI
don t look pal say fair pilot didn t know lookin somebody lead crazy attack,HAN,VI
m surprised didn t ask,LANDO,VI
say didn ain t crazy respectable remember,HAN,VI
emperor critical error time attack come,MON MOTHMA,VI
datum bring bothan spy pinpoint exact location emperor new battle station know weapon system death star operational imperial fleet spread galaxy vain effort engage relatively unprotected important learn emperor personally oversee final stage construction death star,MON MOTHMA,VI
bothans die bring information admiral ackbar,MON MOTHMA,VI
death star orbit forest moon endor weapon system death star operational death star strong defense mechanism protect energy shield generate nearby forest moon endor shield deactivate attack attempt shield cruiser create perimeter fighter fly superstructure attempt knock main reactor,ACKBAR,VI
general calrissian volunteer lead fighter attack,ACKBAR,VI
gon na need,HAN,VI
general madine,ACKBAR,VI
steal small imperial shuttle disguise cargo ship secret imperial code strike team land moon deactivate shield generator,GENERAL MADINE,VI
sound dangerous,THREEPIO,VI
wonder find pull,LEIA,VI
general solo strike team assemble,GENERAL MADINE,VI
uh team ready don t command crew shuttle,HAN,VI
gon na rough pal didn t want speak,HAN,VI
,HAN,VI
uh general count,LEIA,VI
m,VOICE,VI
ask,LUKE,VI
hi han chewie,LUKE,VI
exciting hardly word use,THREEPIO,VI
look want mean need help fast ship fleet,HAN,VI
right old buddy know know mean good care win t scratch right,LANDO,VI
right get promise scratch,HAN,VI
look go pirate,LANDO,VI
get warm,HAN,VI
yeah comin,LUKE,VI
don t think empire wookiee mind design chewie,HAN,VI
hey awake,LEIA,VI
yeah get funny feeling like m gon na,HAN,VI
come general let,LEIA,VI
right chewie let piece junk ready everybody,HAN,VI
set,LUKE,VI
,THREEPIO,VI
right hang,HAN,VI
send fleet far endor stay call,EMPEROR,VI
report rebel fleet massing near sullust,VADER,VI
concern soon rebellion crush young skywalker work finish friend command ship await order,EMPEROR,VI
don t gon na outta pretty quick chewie,HAN,VI
screen identify,CONTROLLER,VI
shuttle tydirium request deactivation deflector shield,HAN,VI
shuttle tydirium transmit clearance code shield passage,CONTROLLER,VI
transmission commencing,HAN,VI
find code worth price pay,LEIA,VI
work work,HAN,VI
vader ship,LUKE,VI
don t jittery luke lot command ship distance chewie don t look like try distance,HAN,VI
don t know fly casual,HAN,VI
m endanger mission shouldn t come,LUKE,VI
imagination kid come let little optimism,HAN,VI
shuttle go,VADER,VI
shuttle tydirium cargo destination,PIETT,VI
part technical crew forest moon,PILOT VOICE,VI
code clearance,VADER,VI
old code sir check clear,PIETT,VI
shall hold,PIETT,VI
leave deal,VADER,VI
wish lord carry,PIETT,VI
goin chewie,HAN,VI
shuttle tydirium deactivation shield commence immediately follow present course,CONTROLLER,VI
okay tell gon na work problem,HAN,VI
oh tell dangerous,THREEPIO,VI
shall try,LEIA,VI
time party,HAN,VI
chewie care stay,HAN,VI
quietly,LUKE,VI
hey,HAN,VI
help,SCOUT #1,VI
great come,LUKE,VI
,LEIA,VI
wait leia,LUKE,VI
quick jam comlink center switch,LUKE,VI
hey wait ahhh,HAN,VI
close,LUKE,VI
alongside,LUKE,VI
,LUKE,VI
,LUKE,VI
oh general solo somebody come oh,THREEPIO,VI
luke leia,HAN,VI
didn t come,LUKE,VI
think,HAN,VI
got separate,LUKE,VI
hey well look,LUKE,VI
squad ahead meet shield generator,HAN,VI
come artoo need scanner,LUKE,VI
don t worry master luke know,THREEPIO,VI
say pretty ugh,THREEPIO,VI
cut,LEIA,VI
m gon na hurt,LEIA,VI
look like m stick trouble don t know,LEIA,VI
maybe help come sit,LEIA,VI
promise win t hurt come,LEIA,VI
right want eat,LEIA,VI
right come hmmm,LEIA,VI
look hat gon na hurt look jittery little thing aren t,LEIA,VI
freeze come,SCOUT #l,VI
ride base,SCOUT #1,VI
yes sir,SCOUT #2,VI
come let outta,LEIA,VI
halt emperor wish disturb moment,GUARD,VI
emperor,VADER,VI
emperor,GUARD,VI
tell remain command ship,EMPEROR,VI
small rebel force penetrate shield land endor,VADER,VI
yes know,EMPEROR,VI
son,VADER,VI
sure,EMPEROR,VI
feel master,VADER,VI
strange wonder feeling matter clear lord vader,EMPEROR,VI
clear master,VADER,VI
sanctuary moon wait,EMPEROR,VI
come,VADER,VI
foresee compassion undoing come bring,EMPEROR,VI
luke luke,HAN,VI
oh master luke,THREEPIO,VI
wrecked speeder find,LUKE,VI
m afraid artoo sensor find trace princess leia,THREEPIO,VI
hope alright,HAN,VI
chewie chewie,HAN,VI
hey don t,HAN,VI
nah dead animal chewie,HAN,VI
chewie wa wait don t,LUKE,VI
nice work great chewie great think stomach,HAN,VI
easy let figure way thing han reach lightsaber,LUKE,VI
yeah sure,HAN,VI
artoo m sure good idea long dro o op,THREEPIO,VI
hey point thing someplace,HAN,VI
hey,HAN,VI
han don right,LUKE,VI
chewie em crossbow,LUKE,VI
oh head oh goodness,THREEPIO,VI
understand say,LUKE,VI
oh yes master luke remember fluent million form communication,THREEPIO,VI
tell,HAN,VI
hello think mistaken primitive dialect believe think sort god,THREEPIO,VI
don t use divine influence,HAN,VI
beg pardon general solo wouldn t proper,THREEPIO,VI
proper,HAN,VI
programming impersonate deity,THREEPIO,VI
,HAN,VI
mistake old friend,HAN,VI
bad feeling,HAN,VI
m embarrassed general solo appear main course banquet honor,THREEPIO,VI
leia,HAN and LUKE,VI
oh,LEIA,VI
royal highness,THREEPIO,VI
friend threepio tell set free,LEIA,VI
get feeling didn t help,HAN,VI
threepio tell don t wish angry use magic,LUKE,VI
master luke magic couldn t possibly,THREEPIO,VI
tell,LUKE,VI
master luke didn t believe,THREEPIO,VI
say wouldn wha wha happen oh oh dear oh,THREEPIO,VI
e elp master luke artoo somebody somebody help master luke artoo artoo quickly somebody oh ohhh,THREEPIO,VI
oh oh oh oh thank goodness,THREEPIO,VI
thank threepio,LUKE,VI
know,THREEPIO,VI
yes artoo come,THREEPIO,VI
don t know,LEIA,VI
wonderful tribe,THREEPIO,VI
want,HAN,VI
short help well help chewie thank okay,HAN,VI
say scout go quick way shield generator,THREEPIO,VI
good far ask need fresh supply try weapon,HAN,VI
hurry ya haven t get day,HAN,VI
luke wrong,LUKE,VI
leia remember mother real mother,LUKE,VI
little bit die young,LEIA,VI
remember,LUKE,VI
image feeling,LEIA,VI
tell,LUKE,VI
beautiful kind sad ask,LEIA,VI
memory mother know,LUKE,VI
luke tell trouble,LEIA,VI
vader moon,LUKE,VI
know,LEIA,VI
feel presence come feel m near long stay m endanger group mission face,LUKE,VI
,LEIA,VI
father,LUKE,VI
father,LEIA,VI
win t easy hear don t hope alliance,LUKE,VI
luke don t talk way power don t understand,LEIA,VI
wrong leia power time learn use force strong family father sister,LUKE,VI
yes leia,LUKE,VI
know know,LEIA,VI
know face,LUKE,VI
luke run away far away feel presence leave place wish,LEIA,VI
don strong,LUKE,VI
confront,LEIA,VI
good feel win t turn emperor save turn good try,LUKE,VI
hey goin,HAN,VI
want little,LEIA,VI
come tell goin,HAN,VI
t tell,LEIA,VI
tell luke tell,HAN,VI
,LEIA,VI
ahhh,HAN,VI
hold,LEIA,VI
rebel surrender deny believe request permission conduct search area,COMMANDER,VI
arm,COMMANDER,VI
good work commander leave conduct search bring companion,VADER,VI
emperor expect,VADER,VI
know father,LUKE,VI
accept truth,VADER,VI
accept truth anakin skywalker father,LUKE,VI
long meaning,VADER,VI
true self forget know good emperor hasn t drive fully couldn t destroy win t bring emperor,LUKE,VI
construct new lightsaber,VADER,VI
skill complete powerful emperor foresee,VADER,VI
obi wan think,VADER,VI
don t know power dark obey master,VADER,VI
turn force kill,LUKE,VI
destiny,VADER,VI
search feeling father t feel conflict let hate,LUKE,VI
late son emperor true nature force master,VADER,VI
father truly dead,LUKE,VI
main entrance control bunker far landing platform isn t gon na easy,LEIA,VI
hey don t worry chewie get lot place heavily guard,HAN,VI
say,LEIA,VI
say secret entrance ridge,THREEPIO,VI
admiral position fighter account,LANDO,VI
proceed countdown group assume attack coordinate,ACKBAR,VI
don t worry friend shield time short offensive time,LANDO,VI
craft prepare jump hyperspace mark,ACKBAR,VI
right stand,LANDO,VI
door huh good idea,HAN,VI
guard shouldn t trouble,HAN,VI
take sound alarm,LEIA,VI
real quiet like,HAN,VI
oh oh uh princess leia,THREEPIO,VI
quiet,LEIA,VI
m afraid furry companion go rash,THREEPIO,VI
oh,LEIA,VI
go surprise attack,HAN,VI
look stop,SCOUT,VI
bad little furball left stay care,HAN,VI
decide shall stay,THREEPIO,VI
welcome young skywalker expect,EMPEROR,VI
long need,EMPEROR,VI
guard leave,EMPEROR,VI
m look forward complete training time master,EMPEROR,VI
gravely mistaken win t convert father,LUKE,VI
oh young jedi find mistaken great thing,EMPEROR,VI
lightsaber,VADER,VI
ah yes jedi weapon like father know father turn dark,EMPEROR,VI
wrong soon dead,LUKE,VI
refer imminent attack rebel fleet,EMPEROR,VI
yes assure safe friend,EMPEROR,VI
overconfidence weakness,LUKE,VI
faith friend,EMPEROR,VI
pointless resist son,VADER,VI
transpire accord design friend sanctuary moon,EMPEROR,VI
walk trap rebel fleet allow alliance know location shield generator safe pitiful little band entire legion good troop await,EMPEROR,VI
oh m afraid deflector shield operational friend arrive,EMPEROR,VI
right come quickly quickly chewie,HAN,VI
han hurry fleet moment,LEIA,VI
charge come come,HAN,VI
oh capture,THREEPIO,VI
wa wait wait come artoo stay,THREEPIO,VI
freeze rebel scum,COMMANDER,VI
red leader stand,WEDGE,VI
gray leader stand,GRAY LEADER,VI
green leader stand,GREEN LEADER,VI
lock s foil attack position,WEDGE,VI
force,ACKBAR,VI
get able kind reading shield jam don t know come,LANDO,VI
break attack shield,LANDO,VI
reading sure,RED LEADER,VI
pull craft pull,LANDO,VI
evasive action green group stick close hold sector,ACKBAR,VI
admiral enemy ship sector,CONTROLLER,VI
trap,ACKBAR,VI
fighter come,LANDO,VI
,REBEL PILOT,VI
accelerate attack speed draw fire away cruiser,LANDO,VI
copy gold leader,WEDGE,VI
come boy,EMPEROR,VI
witness final destruction alliance end insignificant rebellion,EMPEROR,VI
want don t hate swell jedi weapon use unarmed strike anger passing moment servant,EMPEROR,VI
unavoidable destiny like father,EMPEROR,VI
right say,STORMTROOPER,VI
hello look,THREEPIO,VI
bring,BUNKER COMMANDER,VI
let,STORMTROOPER,VI
way artoo sure good idea,THREEPIO,VI
freeze don t,STORMTROOPER,VI
surrender,THREEPIO,VI
ohhh stand artoo,THREEPIO,VI
code change need artoo,LEIA,VI
terminal,HAN,VI
artoo need bunker right away,LEIA,VI
go mean go go artoo artoo oh time heroic come,THREEPIO,VI
watch wedge,LANDO,VI
red red pull,WEDGE,VI
got,RED TWO,VI
come degree,RED THREE,VI
cut left leader head medical frigate,WEDGE,VI
pressure steady,NAVIGATOR,VI
fighter attack wonder star destroyers wait,LANDO,VI
attack position sir,COMMANDER,VI
hold,PIETT,VI
go attack,COMMANDER,VI
order emperor special plan need escape,PIETT,VI
young apprentice friend fail witness firepower fully armed operational battle station fire commander,EMPEROR,VI
fire,JERJERROD,VI
blast come death star thing operational home gold leader,LANDO,VI
see craft prepare retreat,ACKBAR,VI
win t chance admiral,LANDO,VI
choice general calrissian cruiser t repel firepower magnitude,ACKBAR,VI
han shield get time,LANDO,VI
come,THREEPIO,VI
come come,HAN,VI
oh artoo hurry,THREEPIO,VI
goodness artoo brave,THREEPIO,VI
suppose hotwire thing,HAN,VI
cover,LEIA,VI
yes say close close engage star destroyers blank range,LANDO,VI
close range win t long star destroyers,ACKBAR,VI
long death star,LANDO,VI
gon na blow,REBEL PILOT,VI
m hit,Y-WING PILOT,VI
fleet lose friend endor moon survive escape young apprentice alliance die friend,EMPEROR,VI
good feel anger defenseless weapon strike hatred journey dark complete,EMPEROR,VI
look,WALKER PILOT #1,VI
,PILOT #2,VI
think get get,HAN,VI
oh princess leia right,THREEPIO,VI
let,HAN,VI
bad,LEIA,VI
freeze,STORMTROOPER,VI
oh dear,THREEPIO,VI
don t,STORMTROOPER,VI
love,HAN,VI
hand stand,STORMTROOPER,VI
stay,HAN,VI
chewie wound wait get idea,HAN,VI
good use aggressive feeling boy let hate flow,EMPEROR,VI
obi wan teach,VADER,VI
fight father,LUKE,VI
unwise lower defense,VADER,VI
thought betray father feel good conflict,LUKE,VI
conflict,VADER,VI
couldn t bring kill don t believe destroy,LUKE,VI
underestimate power dark fight meet destiny,VADER,VI
good good,EMPEROR,VI
watch squad,LANDO,VI
m gold leader,REBEL PILOT,VI
good shot red,WEDGE,VI
come han old buddy don t let,LANDO,VI
commander rebels route flee wood need reinforcement continue pursuit,HAN/PILOT,VI
send squad help open door,CONTROL ROOM COMMANDER,VI
yes sir,SECOND COMMANDER,VI
throw charge,HAN,VI
hide forever luke,VADER,VI
fight,LUKE,VI
dark way save friend yes thought betray feeling strong especially,VADER,VI
sister twin sister feeling betray obi wan wise hide failure complete turn dark,VADER,VI
r r,LUKE,VI
good hate powerful fulfill destiny father place,EMPEROR,VI
turn dark fail highness jedi like father,LUKE,VI
jedi,EMPEROR,VI
,HAN,VI
shield commence attack death star main reactor,ACKBAR,VI
way red group gold group fighter follow tell d,LANDO,VI
turn destroy,EMPEROR,VI
young fool end understand,EMPEROR,VI
feeble skill match power dark pay price lack vision,EMPEROR,VI
father help,LUKE,VI
young skywalker die,EMPEROR,VI
m go,WEDGE,VI
go,LANDO,VI
lock strong power source power generator,LANDO,VI
form stay alert run space real fast,WEDGE,VI
split head surface tie fighter follow,LANDO,VI
close,LANDO,VI
get fighter time concentrate fire super star destroyer,ACKBAR,VI
sir lose bridge deflector shield,CONTROLLER,VI
intensify forward battery don t want,PIETT,VI
intensify forward firepower,PIETT,VI
late,COMMANDER,VI
luke help mask,VADER,VI
die,LURE,VI
stop let look eye,VADER,VI
son leave,ANAKIN,VI
come t leave get save,LUKE,VI
luke right tell sister right,ANAKIN,VI
father win t leave,LUKE,VI
,WEDGE,VI
right wedge power regulator north tower,LANDO,VI
copy gold leader m way,WEDGE,VI
fleet away death star,ACKBAR,VI
wedge don t think go,LANDO,VI
follow gold leader,WEDGE,VI
promise return ship scratch sure hope old pirate forgive,LANDO,VI
lando,HAN,VI
,THREEPIO,VI
